promo_id,promo_name,promo_type,discount_value,start_date,end_date,applicable_category,promo_channel,stackable_flag,min_order_value
PROMO-0001-0098,Spring Sale 2013,percentage,12.0,2013-03-18T00:00:00.000,2013-04-17T00:00:00.000,,email,1,0
PROMO-0001-0103,Spring Sale 2013,percentage,12.0,2013-03-18T00:00:00.000,2013-04-17T00:00:00.000,,email,1,0
PROMO-0001-0134,Spring Sale 2013,percentage,12.0,2013-03-18T00:00:00.000,2013-04-17T00:00:00.000,,email,1,0
PROMO-0001-0140,Spring Sale 2013,percentage,12.0,2013-03-18T00:00:00.000,2013-04-17T00:00:00.000,,email,1,0
PROMO-0001-0186,Spring Sale 2013,percentage,12.0,2013-03-18T00:00:00.000,2013-04-17T00:00:00.000,,email,1,0
PROMO-0001-0224,Spring Sale 2013,percentage,12.0,2013-03-18T00:00:00.000,2013-04-17T00:00:00.000,,email,1,0
PROMO-0001-0265,Spring Sale 2013,percentage,12.0,2013-03-18T00:00:00.000,2013-04-17T00:00:00.000,,email,1,0
PROMO-0001-0281,Spring Sale 2013,percentage,12.0,2013-03-18T00:00:00.000,2013-04-17T00:00:00.000,,email,1,0
PROMO-0001-0415,Spring Sale 2013,percentage,12.0,2013-03-18T00:00:00.000,2013-04-17T00:00:00.000,,email,1,0
PROMO-0001-0467,Spring Sale 2013,percentage,12.0,2013-03-18T00:00:00.000,2013-04-17T00:00:00.000,,email,1,0
PROMO-0001-0468,Spring Sale 2013,percentage,12.0,2013-03-18T00:00:00.000,2013-04-17T00:00:00.000,,email,1,0
PROMO-0001-0476,Spring Sale 2013,percentage,12.0,2013-03-18T00:00:00.000,2013-04-17T00:00:00.000,,email,1,0
PROMO-0001-0517,Spring Sale 2013,percentage,12.0,2013-03-18T00:00:00.000,2013-04-17T00:00:00.000,,email,1,0
PROMO-0001-0540,Spring Sale 2013,percentage,12.0,2013-03-18T00:00:00.000,2013-04-17T00:00:00.000,,email,1,0
PROMO-0001-0666,Spring Sale 2013,percentage,12.0,2013-03-18T00:00:00.000,2013-04-17T00:00:00.000,,email,1,0
PROMO-0001-0694,Spring Sale 2013,percentage,12.0,2013-03-18T00:00:00.000,2013-04-17T00:00:00.000,,email,1,0
PROMO-0001-0724,Spring Sale 2013,percentage,12.0,2013-03-18T00:00:00.000,2013-04-17T00:00:00.000,,email,1,0
PROMO-0001-0773,Spring Sale 2013,percentage,12.0,2013-03-18T00:00:00.000,2013-04-17T00:00:00.000,,email,1,0
PROMO-0001-0790,Spring Sale 2013,percentage,12.0,2013-03-18T00:00:00.000,2013-04-17T00:00:00.000,,email,1,0
PROMO-0001-0812,Spring Sale 2013,percentage,12.0,2013-03-18T00:00:00.000,2013-04-17T00:00:00.000,,email,1,0
PROMO-0001-0816,Spring Sale 2013,percentage,12.0,2013-03-18T00:00:00.000,2013-04-17T00:00:00.000,,email,1,0
PROMO-0001-0830,Spring Sale 2013,percentage,12.0,2013-03-18T00:00:00.000,2013-04-17T00:00:00.000,,email,1,0
PROMO-0001-0908,Spring Sale 2013,percentage,12.0,2013-03-18T00:00:00.000,2013-04-17T00:00:00.000,,email,1,0
PROMO-0001-0931,Spring Sale 2013,percentage,12.0,2013-03-18T00:00:00.000,2013-04-17T00:00:00.000,,email,1,0
PROMO-0002-0018,,percentage,18.0,2013-06-23T00:00:00.000,2013-07-22T00:00:00.000,,online,0,0
PROMO-0002-0023,Mid-Year Sale 2013,percentage,18.0,2013-06-23T00:00:00.000,2013-07-22T00:00:00.000,,online,0,0
PROMO-0002-0051,Mid-Year Sale 2013,percentage,18.0,2013-06-23T00:00:00.000,2013-07-22T00:00:00.000,,online,0,0
PROMO-0002-0066,Mid-Year Sale 2013,percentage,18.0,2013-06-23T00:00:00.000,2013-07-22T00:00:00.000,,online,0,0
PROMO-0002-0171,Mid-Year Sale 2013,percentage,18.0,2013-06-23T00:00:00.000,2013-07-22T00:00:00.000,,online,0,0
PROMO-0002-0210,Mid-Year Sale 2013,percentage,18.0,2013-06-23T00:00:00.000,2013-07-22T00:00:00.000,,online,0,0
PROMO-0002-0217,Mid-Year Sale 2013,percentage,18.0,2013-06-23T00:00:00.000,2013-07-22T00:00:00.000,,online,0,0
PROMO-0002-0218,Mid-Year Sale 2013,percentage,18.0,2013-06-23T00:00:00.000,2013-07-22T00:00:00.000,,online,0,0
PROMO-0002-0226,Mid-Year Sale 2013,percentage,18.0,2013-06-23T00:00:00.000,2013-07-22T00:00:00.000,,online,0,0
PROMO-0002-0280,Mid-Year Sale 2013,percentage,18.0,2013-06-23T00:00:00.000,2013-07-22T00:00:00.000,,online,0,0
PROMO-0002-0314,Mid-Year Sale 2013,percentage,18.0,2013-06-23T00:00:00.000,2013-07-22T00:00:00.000,,online,0,0
PROMO-0002-0391,Mid-Year Sale 2013,percentage,18.0,2013-06-23T00:00:00.000,2013-07-22T00:00:00.000,,online,0,0
PROMO-0002-0394,Mid-Year Sale 2013,percentage,18.0,2013-06-23T00:00:00.000,2013-07-22T00:00:00.000,,online,0,0
PROMO-0002-0425,Mid-Year Sale 2013,percentage,18.0,2013-06-23T00:00:00.000,2013-07-22T00:00:00.000,,online,0,0
PROMO-0002-0524,Mid-Year Sale 2013,percentage,18.0,2013-06-23T00:00:00.000,2013-07-22T00:00:00.000,,online,0,0
PROMO-0002-0551,Mid-Year Sale 2013,percentage,18.0,2013-06-23T00:00:00.000,2013-07-22T00:00:00.000,,online,0,0
PROMO-0002-0657,Mid-Year Sale 2013,percentage,18.0,2013-06-23T00:00:00.000,2013-07-22T00:00:00.000,,online,0,0
PROMO-0002-0766,Mid-Year Sale 2013,percentage,18.0,2013-06-23T00:00:00.000,2013-07-22T00:00:00.000,,online,0,0
PROMO-0002-0843,Mid-Year Sale 2013,percentage,18.0,2013-06-23T00:00:00.000,2013-07-22T00:00:00.000,,online,0,0
PROMO-0002-0875,Mid-Year Sale 2013,percentage,18.0,2013-06-23T00:00:00.000,2013-07-22T00:00:00.000,,online,0,0
PROMO-0002-0944,Mid-Year Sale 2013,percentage,18.0,2013-06-23T00:00:00.000,2013-07-22T00:00:00.000,,online,0,0
PROMO-0003-0016,Fall Launch 2013,percentage,10.0,2013-08-30T00:00:00.000,2013-10-02T00:00:00.000,,email,0,0
PROMO-0003-0038,Fall Launch 2013,percentage,10.0,2013-08-30T00:00:00.000,2013-10-02T00:00:00.000,,email,0,0
PROMO-0003-0139,Fall Launch 2013,percentage,10.0,2013-08-30T00:00:00.000,2013-10-02T00:00:00.000,,email,0,0
PROMO-0003-0190,Fall Launch 2013,percentage,10.0,2013-08-30T00:00:00.000,2013-10-02T00:00:00.000,,email,0,0
PROMO-0003-0211,Fall Launch 2013,percentage,10.0,2013-08-30T00:00:00.000,2013-10-02T00:00:00.000,,email,0,0
PROMO-0003-0249,Fall Launch 2013,percentage,10.0,2013-08-30T00:00:00.000,2013-10-02T00:00:00.000,,email,0,0
PROMO-0003-0254,Fall Launch 2013,percentage,10.0,2013-08-30T00:00:00.000,2013-10-02T00:00:00.000,,email,0,0
PROMO-0003-0293,Fall Launch 2013,percentage,10.0,2013-08-30T00:00:00.000,2013-10-02T00:00:00.000,,email,0,0
PROMO-0003-0328,Fall Launch 2013,percentage,10.0,2013-08-30T00:00:00.000,2013-10-02T00:00:00.000,,email,0,0
PROMO-0003-0377,Fall Launch 2013,percentage,10.0,2013-08-30T00:00:00.000,2013-10-02T00:00:00.000,,email,0,0
PROMO-0003-0382,Fall Launch 2013,percentage,10.0,2013-08-30T00:00:00.000,2013-10-02T00:00:00.000,,email,0,0
PROMO-0003-0482,Fall Launch 2013,percentage,10.0,2013-08-30T00:00:00.000,2013-10-02T00:00:00.000,,email,0,0
PROMO-0003-0539,Fall Launch 2013,percentage,10.0,2013-08-30T00:00:00.000,2013-10-02T00:00:00.000,,email,0,0
PROMO-0003-0684,Fall Launch 2013,percentage,10.0,2013-08-30T00:00:00.000,2013-10-02T00:00:00.000,,email,0,0
PROMO-0003-0695,Fall Launch 2013,percentage,10.0,2013-08-30T00:00:00.000,2013-10-02T00:00:00.000,,email,0,0
PROMO-0003-0725,Fall Launch 2013,percentage,10.0,2013-08-30T00:00:00.000,2013-10-02T00:00:00.000,,email,0,0
PROMO-0003-0800,Fall Launch 2013,percentage,10.0,2013-08-30T00:00:00.000,2013-10-02T00:00:00.000,,email,0,0
PROMO-0003-0827,Fall Launch 2013,percentage,10.0,2013-08-30T00:00:00.000,2013-10-02T00:00:00.000,,email,0,0
PROMO-0003-0892,Fall Launch 2013,percentage,10.0,2013-08-30T00:00:00.000,2013-10-02T00:00:00.000,,email,0,0
PROMO-0003-0894,Fall Launch 2013,percentage,10.0,2013-08-30T00:00:00.000,2013-10-02T00:00:00.000,,email,0,0
PROMO-0003-0949,Fall Launch 2013,percentage,10.0,2013-08-30T00:00:00.000,2013-10-02T00:00:00.000,,email,0,0
PROMO-0003-0977,Fall Launch 2013,percentage,10.0,2013-08-30T00:00:00.000,2013-10-02T00:00:00.000,,email,0,0
PROMO-0004-0045,Year-End Sale 2013,percentage,20.0,2013-11-18T00:00:00.000,2014-01-02T00:00:00.000,,all_channels,0,50000
PROMO-0004-0065,Year-End Sale 2013,percentage,20.0,2013-11-18T00:00:00.000,2014-01-02T00:00:00.000,,all_channels,0,50000
PROMO-0004-0069,Year-End Sale 2013,percentage,20.0,2013-11-18T00:00:00.000,2014-01-02T00:00:00.000,,all_channels,0,50000
PROMO-0004-0156,Year-End Sale 2013,percentage,20.0,2013-11-18T00:00:00.000,2014-01-02T00:00:00.000,,all_channels,0,50000
PROMO-0004-0232,Year-End Sale 2013,percentage,20.0,2013-11-18T00:00:00.000,2014-01-02T00:00:00.000,,all_channels,0,50000
PROMO-0004-0320,Year-End Sale 2013,percentage,20.0,2013-11-18T00:00:00.000,2014-01-02T00:00:00.000,,all_channels,0,50000
PROMO-0004-0353,Year-End Sale 2013,percentage,20.0,2013-11-18T00:00:00.000,2014-01-02T00:00:00.000,,all_channels,0,50000
PROMO-0004-0444,Year-End Sale 2013,percentage,20.0,2013-11-18T00:00:00.000,2014-01-02T00:00:00.000,,all_channels,0,50000
PROMO-0004-0520,Year-End Sale 2013,percentage,20.0,2013-11-18T00:00:00.000,2014-01-02T00:00:00.000,,all_channels,0,50000
PROMO-0004-0565,Year-End Sale 2013,percentage,20.0,2013-11-18T00:00:00.000,2014-01-02T00:00:00.000,,all_channels,0,50000
PROMO-0004-0672,Year-End Sale 2013,percentage,20.0,2013-11-18T00:00:00.000,2014-01-02T00:00:00.000,,all_channels,0,50000
PROMO-0004-0815,Year-End Sale 2013,percentage,20.0,2013-11-18T00:00:00.000,2014-01-02T00:00:00.000,,all_channels,0,50000
PROMO-0004-0865,Year-End Sale 2013,percentage,20.0,2013-11-18T00:00:00.000,2014-01-02T00:00:00.000,,all_channels,0,50000
PROMO-0004-0888,Year-End Sale 2013,percentage,20.0,2013-11-18T00:00:00.000,2014-01-02T00:00:00.000,,all_channels,0,50000
PROMO-0004-0890,Year-End Sale 2013,percentage,20.0,2013-11-18T00:00:00.000,2014-01-02T00:00:00.000,,all_channels,0,50000
PROMO-0004-0975,Year-End Sale 2013,percentage,20.0,2013-11-18T00:00:00.000,2014-01-02T00:00:00.000,,all_channels,0,50000
PROMO-0005-0113,Urban Blowout 2013,fixed,50.0,2013-07-30T00:00:00.000,2013-09-02T00:00:00.000,Streetwear,online,0,150000
PROMO-0005-0141,Urban Blowout 2013,fixed,50.0,2013-07-30T00:00:00.000,2013-09-02T00:00:00.000,Streetwear,online,0,150000
PROMO-0005-0237,Urban Blowout 2013,fixed,50.0,2013-07-30T00:00:00.000,2013-09-02T00:00:00.000,Streetwear,online,0,150000
PROMO-0005-0284,Urban Blowout 2013,fixed,50.0,2013-07-30T00:00:00.000,2013-09-02T00:00:00.000,Streetwear,online,0,150000
PROMO-0005-0350,Urban Blowout 2013,fixed,50.0,2013-07-30T00:00:00.000,2013-09-02T00:00:00.000,Streetwear,online,0,150000
PROMO-0005-0442,Urban Blowout 2013,fixed,50.0,2013-07-30T00:00:00.000,2013-09-02T00:00:00.000,Streetwear,online,0,150000
PROMO-0005-0479,Urban Blowout 2013,fixed,50.0,2013-07-30T00:00:00.000,2013-09-02T00:00:00.000,Streetwear,online,0,150000
PROMO-0005-0491,Urban Blowout 2013,fixed,50.0,2013-07-30T00:00:00.000,2013-09-02T00:00:00.000,Streetwear,online,0,150000
PROMO-0005-0496,Urban Blowout 2013,fixed,50.0,2013-07-30T00:00:00.000,2013-09-02T00:00:00.000,Streetwear,online,0,150000
PROMO-0005-0510,Urban Blowout 2013,fixed,50.0,2013-07-30T00:00:00.000,2013-09-02T00:00:00.000,Streetwear,online,0,150000
PROMO-0005-0518,Urban Blowout 2013,fixed,50.0,2013-07-30T00:00:00.000,2013-09-02T00:00:00.000,Streetwear,online,0,150000
PROMO-0005-0621,Urban Blowout 2013,fixed,50.0,2013-07-30T00:00:00.000,2013-09-02T00:00:00.000,Streetwear,online,0,150000
PROMO-0005-0635,Urban Blowout 2013,fixed,50.0,2013-07-30T00:00:00.000,2013-09-02T00:00:00.000,Streetwear,online,0,150000
PROMO-0005-0658,Urban Blowout 2013,fixed,50.0,2013-07-30T00:00:00.000,2013-09-02T00:00:00.000,Streetwear,online,0,150000
PROMO-0005-0763,Urban Blowout 2013,fixed,50.0,2013-07-30T00:00:00.000,2013-09-02T00:00:00.000,Streetwear,online,0,150000
PROMO-0005-0771,Urban Blowout 2013,fixed,50.0,2013-07-30T00:00:00.000,2013-09-02T00:00:00.000,Streetwear,online,0,150000
PROMO-0005-0796,Urban Blowout 2013,fixed,50.0,2013-07-30T00:00:00.000,2013-09-02T00:00:00.000,Streetwear,online,0,150000
PROMO-0005-0798,Urban Blowout 2013,fixed,50.0,2013-07-30T00:00:00.000,2013-09-02T00:00:00.000,Streetwear,online,0,150000
PROMO-0005-0832,Urban Blowout 2013,fixed,50.0,2013-07-30T00:00:00.000,2013-09-02T00:00:00.000,Streetwear,online,0,150000
PROMO-0005-0863,Urban Blowout 2013,fixed,50.0,2013-07-30T00:00:00.000,2013-09-02T00:00:00.000,Streetwear,online,0,150000
PROMO-0005-0872,Urban Blowout 2013,fixed,50.0,2013-07-30T00:00:00.000,2013-09-02T00:00:00.000,Streetwear,online,0,150000
PROMO-0005-0901,Urban Blowout 2013,fixed,50.0,2013-07-30T00:00:00.000,2013-09-02T00:00:00.000,Streetwear,online,0,150000
PROMO-0005-0909,Urban Blowout 2013,fixed,50.0,2013-07-30T00:00:00.000,2013-09-02T00:00:00.000,Streetwear,online,0,150000
PROMO-0006-0067,Rural Special 2013,percentage,15.0,2013-01-31T00:00:00.000,2013-03-01T00:00:00.000,Outdoor,in_store,0,0
PROMO-0006-0174,Rural Special 2013,percentage,15.0,2013-01-31T00:00:00.000,2013-03-01T00:00:00.000,Outdoor,in_store,0,0
PROMO-0006-0192,Rural Special 2013,percentage,15.0,2013-01-31T00:00:00.000,2013-03-01T00:00:00.000,Outdoor,in_store,0,0
PROMO-0006-0230,Rural Special 2013,percentage,15.0,2013-01-31T00:00:00.000,2013-03-01T00:00:00.000,Outdoor,in_store,0,0
PROMO-0006-0239,Rural Special 2013,percentage,15.0,2013-01-31T00:00:00.000,2013-03-01T00:00:00.000,Outdoor,in_store,0,0
PROMO-0006-0246,Rural Special 2013,percentage,15.0,2013-01-31T00:00:00.000,2013-03-01T00:00:00.000,Outdoor,in_store,0,0
PROMO-0006-0362,Rural Special 2013,percentage,15.0,2013-01-31T00:00:00.000,2013-03-01T00:00:00.000,Outdoor,in_store,0,0
PROMO-0006-0434,Rural Special 2013,percentage,15.0,2013-01-31T00:00:00.000,2013-03-01T00:00:00.000,Outdoor,in_store,0,0
PROMO-0006-0445,Rural Special 2013,percentage,15.0,2013-01-31T00:00:00.000,2013-03-01T00:00:00.000,Outdoor,in_store,0,0
PROMO-0006-0674,Rural Special 2013,percentage,15.0,2013-01-31T00:00:00.000,2013-03-01T00:00:00.000,Outdoor,in_store,0,0
PROMO-0006-0702,Rural Special 2013,percentage,15.0,2013-01-31T00:00:00.000,2013-03-01T00:00:00.000,Outdoor,in_store,0,0
PROMO-0006-0761,Rural Special 2013,percentage,15.0,2013-01-31T00:00:00.000,2013-03-01T00:00:00.000,Outdoor,in_store,0,0
PROMO-0006-0793,Rural Special 2013,percentage,15.0,2013-01-31T00:00:00.000,2013-03-01T00:00:00.000,Outdoor,in_store,0,0
PROMO-0006-0874,Rural Special 2013,percentage,15.0,2013-01-31T00:00:00.000,2013-03-01T00:00:00.000,Outdoor,in_store,0,0
PROMO-0006-0907,Rural Special 2013,percentage,15.0,2013-01-31T00:00:00.000,2013-03-01T00:00:00.000,Outdoor,in_store,0,0
PROMO-0006-0995,Rural Special 2013,percentage,15.0,2013-01-31T00:00:00.000,2013-03-01T00:00:00.000,Outdoor,in_store,0,0
PROMO-0006-0999,Rural Special 2013,percentage,15.0,2013-01-31T00:00:00.000,2013-03-01T00:00:00.000,Outdoor,in_store,0,0
PROMO-0007-0040,Spring Sale 2014,percentage,12.0,2014-03-18T00:00:00.000,2014-04-17T00:00:00.000,,email,1,0
PROMO-0007-0055,Spring Sale 2014,percentage,12.0,2014-03-18T00:00:00.000,2014-04-17T00:00:00.000,,email,1,0
PROMO-0007-0100,Spring Sale 2014,percentage,12.0,2014-03-18T00:00:00.000,2014-04-17T00:00:00.000,,email,1,0
PROMO-0007-0118,Spring Sale 2014,percentage,12.0,2014-03-18T00:00:00.000,2014-04-17T00:00:00.000,,email,1,0
PROMO-0007-0168,Spring Sale 2014,percentage,12.0,2014-03-18T00:00:00.000,2014-04-17T00:00:00.000,,email,1,0
PROMO-0007-0258,Spring Sale 2014,percentage,12.0,2014-03-18T00:00:00.000,2014-04-17T00:00:00.000,,email,1,0
PROMO-0007-0275,Spring Sale 2014,percentage,12.0,2014-03-18T00:00:00.000,2014-04-17T00:00:00.000,,email,1,0
PROMO-0007-0327,Spring Sale 2014,percentage,12.0,2014-03-18T00:00:00.000,2014-04-17T00:00:00.000,,email,1,0
PROMO-0007-0411,Spring Sale 2014,percentage,12.0,2014-03-18T00:00:00.000,2014-04-17T00:00:00.000,,email,1,0
PROMO-0007-0564,Spring Sale 2014,percentage,12.0,2014-03-18T00:00:00.000,2014-04-17T00:00:00.000,,email,1,0
PROMO-0007-0614,Spring Sale 2014,percentage,12.0,2014-03-18T00:00:00.000,2014-04-17T00:00:00.000,,email,1,0
PROMO-0007-0649,Spring Sale 2014,percentage,12.0,2014-03-18T00:00:00.000,2014-04-17T00:00:00.000,,email,1,0
PROMO-0007-0669,Spring Sale 2014,percentage,12.0,2014-03-18T00:00:00.000,2014-04-17T00:00:00.000,,email,1,0
PROMO-0007-0948,Spring Sale 2014,percentage,12.0,2014-03-18T00:00:00.000,2014-04-17T00:00:00.000,,email,1,0
PROMO-0008-0005,Mid-Year Sale 2014,percentage,18.0,2014-06-23T00:00:00.000,2014-07-22T00:00:00.000,,social_media,0,0
PROMO-0008-0057,Mid-Year Sale 2014,percentage,18.0,2014-06-23T00:00:00.000,2014-07-22T00:00:00.000,,social_media,0,0
PROMO-0008-0081,Mid-Year Sale 2014,percentage,18.0,2014-06-23T00:00:00.000,2014-07-22T00:00:00.000,,social_media,0,0
PROMO-0008-0105,Mid-Year Sale 2014,percentage,18.0,2014-06-23T00:00:00.000,2014-07-22T00:00:00.000,,social_media,0,0
PROMO-0008-0109,Mid-Year Sale 2014,percentage,18.0,2014-06-23T00:00:00.000,2014-07-22T00:00:00.000,,social_media,0,0
PROMO-0008-0120,Mid-Year Sale 2014,percentage,18.0,2014-06-23T00:00:00.000,2014-07-22T00:00:00.000,,social_media,0,0
PROMO-0008-0193,Mid-Year Sale 2014,percentage,18.0,2014-06-23T00:00:00.000,2014-07-22T00:00:00.000,,social_media,0,0
PROMO-0008-0300,Mid-Year Sale 2014,percentage,18.0,2014-06-23T00:00:00.000,2014-07-22T00:00:00.000,,social_media,0,0
PROMO-0008-0326,Mid-Year Sale 2014,percentage,18.0,2014-06-23T00:00:00.000,2014-07-22T00:00:00.000,,social_media,0,0
PROMO-0008-0340,Mid-Year Sale 2014,percentage,18.0,2014-06-23T00:00:00.000,2014-07-22T00:00:00.000,,social_media,0,0
PROMO-0008-0416,Mid-Year Sale 2014,percentage,18.0,2014-06-23T00:00:00.000,2014-07-22T00:00:00.000,,social_media,0,0
PROMO-0008-0439,Mid-Year Sale 2014,percentage,18.0,2014-06-23T00:00:00.000,2014-07-22T00:00:00.000,,social_media,0,0
PROMO-0008-0557,Mid-Year Sale 2014,percentage,18.0,2014-06-23T00:00:00.000,2014-07-22T00:00:00.000,,social_media,0,0
PROMO-0008-0663,Mid-Year Sale 2014,percentage,18.0,2014-06-23T00:00:00.000,2014-07-22T00:00:00.000,,social_media,0,0
PROMO-0008-0691,Mid-Year Sale 2014,percentage,18.0,2014-06-23T00:00:00.000,2014-07-22T00:00:00.000,,social_media,0,0
PROMO-0008-0733,Mid-Year Sale 2014,percentage,18.0,2014-06-23T00:00:00.000,2014-07-22T00:00:00.000,,social_media,0,0
PROMO-0008-0738,Mid-Year Sale 2014,percentage,18.0,2014-06-23T00:00:00.000,2014-07-22T00:00:00.000,,social_media,0,0
PROMO-0008-0742,Mid-Year Sale 2014,percentage,18.0,2014-06-23T00:00:00.000,2014-07-22T00:00:00.000,,social_media,0,0
PROMO-0008-0823,Mid-Year Sale 2014,percentage,18.0,2014-06-23T00:00:00.000,2014-07-22T00:00:00.000,,social_media,0,0
PROMO-0008-0887,Mid-Year Sale 2014,percentage,18.0,2014-06-23T00:00:00.000,2014-07-22T00:00:00.000,,social_media,0,0
PROMO-0008-0932,Mid-Year Sale 2014,percentage,18.0,2014-06-23T00:00:00.000,2014-07-22T00:00:00.000,,social_media,0,0
PROMO-0008-0987,Mid-Year Sale 2014,percentage,18.0,2014-06-23T00:00:00.000,2014-07-22T00:00:00.000,,social_media,0,0
PROMO-0009-0042,Fall Launch 2014,percentage,10.0,2014-08-30T00:00:00.000,2014-10-01T00:00:00.000,,all_channels,0,100000
PROMO-0009-0049,Fall Launch 2014,percentage,10.0,2014-08-30T00:00:00.000,2014-10-01T00:00:00.000,,all_channels,0,100000
PROMO-0009-0101,Fall Launch 2014,percentage,10.0,2014-08-30T00:00:00.000,2014-10-01T00:00:00.000,,all_channels,0,100000
PROMO-0009-0119,Fall Launch 2014,percentage,10.0,2014-08-30T00:00:00.000,2014-10-01T00:00:00.000,,all_channels,0,100000
PROMO-0009-0146,Fall Launch 2014,percentage,10.0,2014-08-30T00:00:00.000,2014-10-01T00:00:00.000,,all_channels,0,100000
PROMO-0009-0195,Fall Launch 2014,percentage,10.0,2014-08-30T00:00:00.000,2014-10-01T00:00:00.000,,all_channels,0,100000
PROMO-0009-0245,Fall Launch 2014,percentage,10.0,2014-08-30T00:00:00.000,2014-10-01T00:00:00.000,,all_channels,0,100000
PROMO-0009-0287,,percentage,10.0,2014-08-30T00:00:00.000,2014-10-01T00:00:00.000,,all_channels,0,100000
PROMO-0009-0399,Fall Launch 2014,percentage,10.0,2014-08-30T00:00:00.000,2014-10-01T00:00:00.000,,all_channels,0,100000
PROMO-0009-0465,Fall Launch 2014,percentage,10.0,2014-08-30T00:00:00.000,2014-10-01T00:00:00.000,,all_channels,0,100000
PROMO-0009-0576,Fall Launch 2014,percentage,10.0,2014-08-30T00:00:00.000,2014-10-01T00:00:00.000,,all_channels,0,100000
PROMO-0009-0613,Fall Launch 2014,percentage,10.0,2014-08-30T00:00:00.000,2014-10-01T00:00:00.000,,all_channels,0,100000
PROMO-0009-0644,Fall Launch 2014,percentage,10.0,2014-08-30T00:00:00.000,2014-10-01T00:00:00.000,,all_channels,0,100000
PROMO-0009-0654,Fall Launch 2014,percentage,10.0,2014-08-30T00:00:00.000,2014-10-01T00:00:00.000,,all_channels,0,100000
PROMO-0009-0751,Fall Launch 2014,percentage,10.0,2014-08-30T00:00:00.000,2014-10-01T00:00:00.000,,all_channels,0,100000
PROMO-0009-0810,Fall Launch 2014,percentage,10.0,2014-08-30T00:00:00.000,2014-10-01T00:00:00.000,,all_channels,0,100000
PROMO-0009-0920,Fall Launch 2014,percentage,10.0,2014-08-30T00:00:00.000,2014-10-01T00:00:00.000,,all_channels,0,100000
PROMO-0010-0075,Year-End Sale 2014,percentage,20.0,2014-11-19T00:00:00.000,2015-01-02T00:00:00.000,,all_channels,0,100000
PROMO-0010-0509,Year-End Sale 2014,percentage,20.0,2014-11-19T00:00:00.000,2015-01-02T00:00:00.000,,all_channels,0,100000
PROMO-0010-0514,Year-End Sale 2014,percentage,20.0,2014-11-19T00:00:00.000,2015-01-02T00:00:00.000,,all_channels,0,100000
PROMO-0010-0543,Year-End Sale 2014,percentage,20.0,2014-11-19T00:00:00.000,2015-01-02T00:00:00.000,,all_channels,0,100000
PROMO-0010-0560,Year-End Sale 2014,percentage,20.0,2014-11-19T00:00:00.000,2015-01-02T00:00:00.000,,all_channels,0,100000
PROMO-0010-0574,Year-End Sale 2014,percentage,20.0,2014-11-19T00:00:00.000,2015-01-02T00:00:00.000,,all_channels,0,100000
PROMO-0010-0645,Year-End Sale 2014,percentage,20.0,2014-11-19T00:00:00.000,2015-01-02T00:00:00.000,,all_channels,0,100000
PROMO-0010-0680,Year-End Sale 2014,percentage,20.0,2014-11-19T00:00:00.000,2015-01-02T00:00:00.000,,all_channels,0,100000
PROMO-0010-0730,Year-End Sale 2014,percentage,20.0,2014-11-19T00:00:00.000,2015-01-02T00:00:00.000,,all_channels,0,100000
PROMO-0010-0767,Year-End Sale 2014,percentage,20.0,2014-11-19T00:00:00.000,2015-01-02T00:00:00.000,,all_channels,0,100000
PROMO-0010-0804,Year-End Sale 2014,percentage,20.0,2014-11-19T00:00:00.000,2015-01-02T00:00:00.000,,all_channels,0,100000
PROMO-0010-0805,Year-End Sale 2014,percentage,20.0,2014-11-19T00:00:00.000,2015-01-02T00:00:00.000,,all_channels,0,100000
PROMO-0010-0866,Year-End Sale 2014,percentage,20.0,2014-11-19T00:00:00.000,2015-01-02T00:00:00.000,,all_channels,0,100000
PROMO-0010-0868,Year-End Sale 2014,percentage,20.0,2014-11-19T00:00:00.000,2015-01-02T00:00:00.000,,all_channels,0,100000
PROMO-0010-0963,Year-End Sale 2014,percentage,20.0,2014-11-19T00:00:00.000,2015-01-02T00:00:00.000,,all_channels,0,100000
PROMO-0010-0976,Year-End Sale 2014,percentage,20.0,2014-11-19T00:00:00.000,2015-01-02T00:00:00.000,,all_channels,0,100000
PROMO-0011-0010,Spring Sale 2015,percentage,12.0,2015-03-18T00:00:00.000,2015-04-17T00:00:00.000,,all_channels,1,100000
PROMO-0011-0011,Spring Sale 2015,percentage,12.0,2015-03-18T00:00:00.000,2015-04-17T00:00:00.000,,all_channels,1,100000
PROMO-0011-0107,Spring Sale 2015,percentage,12.0,2015-03-18T00:00:00.000,2015-04-17T00:00:00.000,,all_channels,1,100000
PROMO-0011-0181,Spring Sale 2015,percentage,12.0,2015-03-18T00:00:00.000,2015-04-17T00:00:00.000,,all_channels,1,100000
PROMO-0011-0233,Spring Sale 2015,percentage,12.0,2015-03-18T00:00:00.000,2015-04-17T00:00:00.000,,all_channels,1,100000
PROMO-0011-0241,Spring Sale 2015,percentage,12.0,2015-03-18T00:00:00.000,2015-04-17T00:00:00.000,,all_channels,1,100000
PROMO-0011-0266,Spring Sale 2015,percentage,12.0,2015-03-18T00:00:00.000,2015-04-17T00:00:00.000,,all_channels,1,100000
PROMO-0011-0298,Spring Sale 2015,percentage,12.0,2015-03-18T00:00:00.000,2015-04-17T00:00:00.000,,all_channels,1,100000
PROMO-0011-0568,Spring Sale 2015,percentage,12.0,2015-03-18T00:00:00.000,2015-04-17T00:00:00.000,,all_channels,1,100000
PROMO-0011-0640,Spring Sale 2015,percentage,12.0,2015-03-18T00:00:00.000,2015-04-17T00:00:00.000,,all_channels,1,100000
PROMO-0011-0711,Spring Sale 2015,percentage,12.0,2015-03-18T00:00:00.000,2015-04-17T00:00:00.000,,all_channels,1,100000
PROMO-0011-0728,Spring Sale 2015,percentage,12.0,2015-03-18T00:00:00.000,2015-04-17T00:00:00.000,,all_channels,1,100000
PROMO-0011-0778,Spring Sale 2015,percentage,12.0,2015-03-18T00:00:00.000,2015-04-17T00:00:00.000,,all_channels,1,100000
PROMO-0011-0844,Spring Sale 2015,percentage,12.0,2015-03-18T00:00:00.000,2015-04-17T00:00:00.000,,all_channels,1,100000
PROMO-0011-0880,Spring Sale 2015,percentage,12.0,2015-03-18T00:00:00.000,2015-04-17T00:00:00.000,,all_channels,1,100000
PROMO-0011-0885,Spring Sale 2015,percentage,12.0,2015-03-18T00:00:00.000,2015-04-17T00:00:00.000,,all_channels,1,100000
PROMO-0012-0026,Mid-Year Sale 2015,percentage,18.0,2015-06-23T00:00:00.000,2015-07-22T00:00:00.000,,social_media,0,0
PROMO-0012-0121,Mid-Year Sale 2015,percentage,18.0,2015-06-23T00:00:00.000,2015-07-22T00:00:00.000,,social_media,0,0
PROMO-0012-0208,Mid-Year Sale 2015,percentage,18.0,2015-06-23T00:00:00.000,2015-07-22T00:00:00.000,,social_media,0,0
PROMO-0012-0283,Mid-Year Sale 2015,percentage,18.0,2015-06-23T00:00:00.000,2015-07-22T00:00:00.000,,social_media,0,0
PROMO-0012-0332,Mid-Year Sale 2015,percentage,18.0,2015-06-23T00:00:00.000,2015-07-22T00:00:00.000,,social_media,0,0
PROMO-0012-0420,Mid-Year Sale 2015,percentage,18.0,2015-06-23T00:00:00.000,2015-07-22T00:00:00.000,,social_media,0,0
PROMO-0012-0466,Mid-Year Sale 2015,percentage,18.0,2015-06-23T00:00:00.000,2015-07-22T00:00:00.000,,social_media,0,0
PROMO-0012-0483,Mid-Year Sale 2015,percentage,18.0,2015-06-23T00:00:00.000,2015-07-22T00:00:00.000,,social_media,0,0
PROMO-0012-0497,Mid-Year Sale 2015,percentage,18.0,2015-06-23T00:00:00.000,2015-07-22T00:00:00.000,,social_media,0,0
PROMO-0012-0531,Mid-Year Sale 2015,percentage,18.0,2015-06-23T00:00:00.000,2015-07-22T00:00:00.000,,social_media,0,0
PROMO-0012-0538,Mid-Year Sale 2015,percentage,18.0,2015-06-23T00:00:00.000,2015-07-22T00:00:00.000,,social_media,0,0
PROMO-0012-0548,Mid-Year Sale 2015,percentage,18.0,2015-06-23T00:00:00.000,2015-07-22T00:00:00.000,,social_media,0,0
PROMO-0012-0591,Mid-Year Sale 2015,percentage,18.0,2015-06-23T00:00:00.000,2015-07-22T00:00:00.000,,social_media,0,0
PROMO-0012-0609,Mid-Year Sale 2015,percentage,18.0,2015-06-23T00:00:00.000,2015-07-22T00:00:00.000,,social_media,0,0
PROMO-0012-0612,Mid-Year Sale 2015,percentage,18.0,2015-06-23T00:00:00.000,2015-07-22T00:00:00.000,,social_media,0,0
PROMO-0012-0623,Mid-Year Sale 2015,percentage,-10.0,2015-06-23T00:00:00.000,2015-07-22T00:00:00.000,,social_media,0,0
PROMO-0012-0643,Mid-Year Sale 2015,percentage,18.0,2015-06-23T00:00:00.000,2015-07-22T00:00:00.000,,social_media,0,0
PROMO-0012-0729,Mid-Year Sale 2015,percentage,18.0,2015-06-23T00:00:00.000,2015-07-22T00:00:00.000,,social_media,0,0
PROMO-0012-0735,Mid-Year Sale 2015,percentage,18.0,2015-06-23T00:00:00.000,2015-07-22T00:00:00.000,,social_media,0,0
PROMO-0012-0829,Mid-Year Sale 2015,percentage,18.0,2015-06-23T00:00:00.000,2015-07-22T00:00:00.000,,social_media,0,0
PROMO-0012-0911,Mid-Year Sale 2015,percentage,18.0,2015-06-23T00:00:00.000,2015-07-22T00:00:00.000,,social_media,0,0
PROMO-0013-0151,Fall Launch 2015,percentage,10.0,2015-08-30T00:00:00.000,2015-10-01T00:00:00.000,,email,1,0
PROMO-0013-0166,Fall Launch 2015,percentage,10.0,2015-08-30T00:00:00.000,2015-10-01T00:00:00.000,,email,1,0
PROMO-0013-0188,Fall Launch 2015,percentage,10.0,2015-08-30T00:00:00.000,2015-10-01T00:00:00.000,,email,1,0
PROMO-0013-0410,Fall Launch 2015,percentage,10.0,2015-08-30T00:00:00.000,2015-10-01T00:00:00.000,,email,1,0
PROMO-0013-0453,Fall Launch 2015,percentage,10.0,2015-08-30T00:00:00.000,2015-10-01T00:00:00.000,,email,1,0
PROMO-0013-0547,Fall Launch 2015,percentage,10.0,2015-08-30T00:00:00.000,2015-10-01T00:00:00.000,,email,1,0
PROMO-0013-0593,Fall Launch 2015,percentage,10.0,2015-08-30T00:00:00.000,2015-10-01T00:00:00.000,,email,1,0
PROMO-0013-0605,Fall Launch 2015,percentage,10.0,2015-08-30T00:00:00.000,2015-10-01T00:00:00.000,,email,1,0
PROMO-0013-0651,Fall Launch 2015,percentage,10.0,2015-08-30T00:00:00.000,2015-10-01T00:00:00.000,,email,1,0
PROMO-0013-0686,Fall Launch 2015,percentage,10.0,2015-08-30T00:00:00.000,2015-10-01T00:00:00.000,,email,1,0
PROMO-0013-0696,Fall Launch 2015,percentage,10.0,2015-08-30T00:00:00.000,2015-10-01T00:00:00.000,,email,1,0
PROMO-0013-0754,Fall Launch 2015,percentage,10.0,2015-08-30T00:00:00.000,2015-10-01T00:00:00.000,,email,1,0
PROMO-0013-0758,Fall Launch 2015,percentage,10.0,2015-08-30T00:00:00.000,2015-10-01T00:00:00.000,,email,1,0
PROMO-0013-0785,Fall Launch 2015,percentage,10.0,2015-08-30T00:00:00.000,2015-10-01T00:00:00.000,,email,1,0
PROMO-0013-0814,Fall Launch 2015,percentage,10.0,2015-08-30T00:00:00.000,2015-10-01T00:00:00.000,,email,1,0
PROMO-0013-0876,Fall Launch 2015,percentage,10.0,2015-08-30T00:00:00.000,2015-10-01T00:00:00.000,,email,1,0
PROMO-0013-0972,Fall Launch 2015,percentage,10.0,2015-08-30T00:00:00.000,2015-10-01T00:00:00.000,,email,1,0
PROMO-0014-0047,Year-End Sale 2015,percentage,20.0,2015-11-18T00:00:00.000,2016-01-02T00:00:00.000,,all_channels,1,150000
PROMO-0014-0060,Year-End Sale 2015,percentage,20.0,2015-11-18T00:00:00.000,2016-01-02T00:00:00.000,,all_channels,1,150000
PROMO-0014-0077,Year-End Sale 2015,percentage,20.0,2015-11-18T00:00:00.000,2016-01-02T00:00:00.000,,all_channels,1,150000
PROMO-0014-0082,Year-End Sale 2015,percentage,20.0,2015-11-18T00:00:00.000,2016-01-02T00:00:00.000,,all_channels,1,150000
PROMO-0014-0138,Year-End Sale 2015,percentage,20.0,2015-11-18T00:00:00.000,2016-01-02T00:00:00.000,,all_channels,1,150000
PROMO-0014-0143,Year-End Sale 2015,percentage,20.0,2015-11-18T00:00:00.000,2016-01-02T00:00:00.000,,all_channels,1,150000
PROMO-0014-0322,Year-End Sale 2015,percentage,20.0,2015-11-18T00:00:00.000,2016-01-02T00:00:00.000,,all_channels,1,150000
PROMO-0014-0419,Year-End Sale 2015,percentage,20.0,2015-11-18T00:00:00.000,2016-01-02T00:00:00.000,,all_channels,1,150000
PROMO-0014-0489,Year-End Sale 2015,percentage,20.0,2015-11-18T00:00:00.000,2016-01-02T00:00:00.000,,all_channels,1,150000
PROMO-0014-0616,Year-End Sale 2015,percentage,20.0,2015-11-18T00:00:00.000,2016-01-02T00:00:00.000,,all_channels,1,150000
PROMO-0014-0633,Year-End Sale 2015,percentage,20.0,2015-11-18T00:00:00.000,2016-01-02T00:00:00.000,,all_channels,1,150000
PROMO-0014-0721,Year-End Sale 2015,percentage,20.0,2015-11-18T00:00:00.000,2016-01-02T00:00:00.000,,all_channels,1,150000
PROMO-0014-0809,Year-End Sale 2015,percentage,20.0,2015-11-18T00:00:00.000,2016-01-02T00:00:00.000,,all_channels,1,150000
PROMO-0014-0842,Year-End Sale 2015,percentage,20.0,2015-11-18T00:00:00.000,2016-01-02T00:00:00.000,,all_channels,1,150000
PROMO-0014-0916,Year-End Sale 2015,percentage,20.0,2015-11-18T00:00:00.000,2016-01-02T00:00:00.000,,all_channels,1,150000
PROMO-0014-0938,Year-End Sale 2015,percentage,20.0,2015-11-18T00:00:00.000,2016-01-02T00:00:00.000,,all_channels,1,150000
PROMO-0014-0942,Year-End Sale 2015,percentage,20.0,2015-11-18T00:00:00.000,2016-01-02T00:00:00.000,,all_channels,1,150000
PROMO-0014-0947,Year-End Sale 2015,percentage,20.0,2015-11-18T00:00:00.000,2016-01-02T00:00:00.000,,all_channels,1,150000
PROMO-0015-0003,Urban Blowout 2015,fixed,50.0,2015-07-30T00:00:00.000,2015-09-02T00:00:00.000,Streetwear,online,0,200000
PROMO-0015-0035,Urban Blowout 2015,fixed,50.0,2015-07-30T00:00:00.000,2015-09-02T00:00:00.000,Streetwear,online,0,200000
PROMO-0015-0080,Urban Blowout 2015,fixed,50.0,2015-07-30T00:00:00.000,2015-09-02T00:00:00.000,Streetwear,online,0,200000
PROMO-0015-0096,Urban Blowout 2015,fixed,50.0,2015-07-30T00:00:00.000,2015-09-02T00:00:00.000,Streetwear,online,0,200000
PROMO-0015-0147,Urban Blowout 2015,fixed,50.0,2015-07-30T00:00:00.000,2015-09-02T00:00:00.000,Streetwear,online,0,200000
PROMO-0015-0148,Urban Blowout 2015,fixed,50.0,2015-07-30T00:00:00.000,2015-09-02T00:00:00.000,Streetwear,online,0,200000
PROMO-0015-0162,Urban Blowout 2015,fixed,50.0,2015-07-30T00:00:00.000,2015-09-02T00:00:00.000,Streetwear,online,0,200000
PROMO-0015-0201,Urban Blowout 2015,fixed,50.0,2015-07-30T00:00:00.000,2015-09-02T00:00:00.000,Streetwear,online,0,200000
PROMO-0015-0422,Urban Blowout 2015,fixed,50.0,2015-07-30T00:00:00.000,2015-09-02T00:00:00.000,Streetwear,online,0,200000
PROMO-0015-0435,Urban Blowout 2015,fixed,50.0,2015-07-30T00:00:00.000,2015-09-02T00:00:00.000,Streetwear,online,0,200000
PROMO-0015-0722,Urban Blowout 2015,fixed,50.0,2015-07-30T00:00:00.000,2015-09-02T00:00:00.000,Streetwear,online,0,200000
PROMO-0015-0839,Urban Blowout 2015,fixed,50.0,2015-07-30T00:00:00.000,2015-09-02T00:00:00.000,Streetwear,online,0,200000
PROMO-0015-0853,Urban Blowout 2015,fixed,50.0,2015-07-30T00:00:00.000,2015-09-02T00:00:00.000,Streetwear,online,0,200000
PROMO-0015-0859,Urban Blowout 2015,fixed,50.0,2015-07-30T00:00:00.000,2015-09-02T00:00:00.000,Streetwear,online,0,200000
PROMO-0015-0935,Urban Blowout 2015,fixed,50.0,2015-07-30T00:00:00.000,2015-09-02T00:00:00.000,Streetwear,online,0,200000
PROMO-0015-0959,Urban Blowout 2015,fixed,50.0,2015-07-30T00:00:00.000,2015-09-02T00:00:00.000,Streetwear,online,0,200000
PROMO-0016-0034,Rural Special 2015,percentage,15.0,2015-01-30T00:00:00.000,2015-03-01T00:00:00.000,Outdoor,in_store,0,0
PROMO-0016-0086,Rural Special 2015,percentage,15.0,2015-01-30T00:00:00.000,2015-03-01T00:00:00.000,Outdoor,in_store,0,0
PROMO-0016-0243,Rural Special 2015,percentage,15.0,2015-01-30T00:00:00.000,2015-03-01T00:00:00.000,Outdoor,in_store,0,0
PROMO-0016-0247,Rural Special 2015,percentage,15.0,2015-01-30T00:00:00.000,2015-03-01T00:00:00.000,Outdoor,in_store,0,0
PROMO-0016-0276,Rural Special 2015,percentage,15.0,2015-01-30T00:00:00.000,2015-03-01T00:00:00.000,Outdoor,in_store,0,0
PROMO-0016-0292,Rural Special 2015,percentage,15.0,2015-01-30T00:00:00.000,2015-03-01T00:00:00.000,Outdoor,in_store,0,0
PROMO-0016-0316,Rural Special 2015,percentage,15.0,2015-01-30T00:00:00.000,2015-03-01T00:00:00.000,Outdoor,in_store,0,0
PROMO-0016-0418,Rural Special 2015,percentage,15.0,2015-01-30T00:00:00.000,2015-03-01T00:00:00.000,Outdoor,in_store,0,0
PROMO-0016-0452,Rural Special 2015,percentage,15.0,2015-01-30T00:00:00.000,2015-03-01T00:00:00.000,Outdoor,in_store,0,0
PROMO-0016-0477,Rural Special 2015,percentage,15.0,2015-01-30T00:00:00.000,2015-03-01T00:00:00.000,Outdoor,in_store,0,0
PROMO-0016-0485,Rural Special 2015,percentage,15.0,2015-01-30T00:00:00.000,2015-03-01T00:00:00.000,Outdoor,in_store,0,0
PROMO-0016-0498,Rural Special 2015,percentage,15.0,2015-01-30T00:00:00.000,2015-03-01T00:00:00.000,Outdoor,in_store,0,0
PROMO-0016-0521,Rural Special 2015,percentage,15.0,2015-01-30T00:00:00.000,2015-03-01T00:00:00.000,Outdoor,in_store,0,0
PROMO-0016-0523,Rural Special 2015,percentage,15.0,2015-01-30T00:00:00.000,2015-03-01T00:00:00.000,Outdoor,in_store,0,0
PROMO-0016-0620,Rural Special 2015,percentage,15.0,2015-01-30T00:00:00.000,2015-03-01T00:00:00.000,Outdoor,in_store,0,0
PROMO-0016-0628,Rural Special 2015,percentage,15.0,2015-01-30T00:00:00.000,2015-03-01T00:00:00.000,Outdoor,in_store,0,0
PROMO-0016-0709,Rural Special 2015,percentage,15.0,2015-01-30T00:00:00.000,2015-03-01T00:00:00.000,Outdoor,in_store,0,0
PROMO-0016-0726,Rural Special 2015,percentage,15.0,2015-01-30T00:00:00.000,2015-03-01T00:00:00.000,Outdoor,in_store,0,0
PROMO-0016-0732,Rural Special 2015,percentage,15.0,2015-01-30T00:00:00.000,2015-03-01T00:00:00.000,Outdoor,in_store,0,0
PROMO-0016-0883,Rural Special 2015,percentage,15.0,2015-01-30T00:00:00.000,2015-03-01T00:00:00.000,Outdoor,in_store,0,0
PROMO-0016-0886,Rural Special 2015,percentage,15.0,2015-01-30T00:00:00.000,2015-03-01T00:00:00.000,Outdoor,in_store,0,0
PROMO-0017-0061,Spring Sale 2016,percentage,12.0,2016-03-18T00:00:00.000,2016-04-17T00:00:00.000,,all_channels,0,0
PROMO-0017-0108,Spring Sale 2016,percentage,12.0,2016-03-18T00:00:00.000,2016-04-17T00:00:00.000,,all_channels,0,0
PROMO-0017-0215,Spring Sale 2016,percentage,12.0,2016-03-18T00:00:00.000,2016-04-17T00:00:00.000,,all_channels,0,0
PROMO-0017-0234,Spring Sale 2016,percentage,12.0,2016-03-18T00:00:00.000,2016-04-17T00:00:00.000,,all_channels,0,0
PROMO-0017-0329,Spring Sale 2016,percentage,12.0,2016-03-18T00:00:00.000,2016-04-17T00:00:00.000,,all_channels,0,0
PROMO-0017-0356,Spring Sale 2016,percentage,12.0,2016-03-18T00:00:00.000,2016-04-17T00:00:00.000,,all_channels,0,0
PROMO-0017-0396,Spring Sale 2016,percentage,12.0,2016-03-18T00:00:00.000,2016-04-17T00:00:00.000,,all_channels,0,0
PROMO-0017-0458,Spring Sale 2016,percentage,12.0,2016-03-18T00:00:00.000,2016-04-17T00:00:00.000,,all_channels,0,0
PROMO-0017-0555,Spring Sale 2016,percentage,12.0,2016-03-18T00:00:00.000,2016-04-17T00:00:00.000,,all_channels,0,0
PROMO-0017-0599,Spring Sale 2016,percentage,12.0,2016-03-18T00:00:00.000,2016-04-17T00:00:00.000,,all_channels,0,0
PROMO-0017-0647,Spring Sale 2016,percentage,12.0,2016-03-18T00:00:00.000,2016-04-17T00:00:00.000,,all_channels,0,0
PROMO-0017-0668,Spring Sale 2016,percentage,12.0,2016-03-18T00:00:00.000,2016-04-17T00:00:00.000,,all_channels,0,0
PROMO-0017-0750,Spring Sale 2016,percentage,12.0,2016-03-18T00:00:00.000,2016-04-17T00:00:00.000,,all_channels,0,0
PROMO-0017-0795,Spring Sale 2016,percentage,12.0,2016-03-18T00:00:00.000,2016-04-17T00:00:00.000,,all_channels,0,0
PROMO-0017-0807,Spring Sale 2016,percentage,12.0,2016-03-18T00:00:00.000,2016-04-17T00:00:00.000,,all_channels,0,0
PROMO-0017-0835,Spring Sale 2016,percentage,12.0,2016-03-18T00:00:00.000,2016-04-17T00:00:00.000,,all_channels,0,0
PROMO-0017-0862,Spring Sale 2016,percentage,12.0,2016-03-18T00:00:00.000,2016-04-17T00:00:00.000,,all_channels,0,0
PROMO-0017-0867,Spring Sale 2016,percentage,12.0,2016-03-18T00:00:00.000,2016-04-17T00:00:00.000,,all_channels,0,0
PROMO-0017-0869,Spring Sale 2016,percentage,12.0,2016-03-18T00:00:00.000,2016-04-17T00:00:00.000,,all_channels,0,0
PROMO-0017-0928,Spring Sale 2016,percentage,12.0,2016-03-18T00:00:00.000,2016-04-17T00:00:00.000,,all_channels,0,0
PROMO-0017-0965,Spring Sale 2016,percentage,12.0,2016-03-18T00:00:00.000,2016-04-17T00:00:00.000,,all_channels,0,0
PROMO-0017-0971,Spring Sale 2016,percentage,12.0,2016-03-18T00:00:00.000,2016-04-17T00:00:00.000,,all_channels,0,0
PROMO-0018-0044,Mid-Year Sale 2016,percentage,18.0,2016-06-23T00:00:00.000,2016-07-22T00:00:00.000,,online,0,0
PROMO-0018-0071,Mid-Year Sale 2016,percentage,18.0,2016-06-23T00:00:00.000,2016-07-22T00:00:00.000,,online,0,0
PROMO-0018-0088,Mid-Year Sale 2016,percentage,18.0,2016-06-23T00:00:00.000,2016-07-22T00:00:00.000,,online,0,0
PROMO-0018-0263,Mid-Year Sale 2016,percentage,18.0,2016-06-23T00:00:00.000,2016-07-22T00:00:00.000,,online,0,0
PROMO-0018-0311,Mid-Year Sale 2016,percentage,18.0,2016-06-23T00:00:00.000,2016-07-22T00:00:00.000,,online,0,0
PROMO-0018-0313,Mid-Year Sale 2016,percentage,18.0,2016-06-23T00:00:00.000,2016-07-22T00:00:00.000,,online,0,0
PROMO-0018-0378,Mid-Year Sale 2016,percentage,18.0,2016-06-23T00:00:00.000,2016-07-22T00:00:00.000,,online,0,0
PROMO-0018-0583,Mid-Year Sale 2016,percentage,18.0,2016-06-23T00:00:00.000,2016-07-22T00:00:00.000,,online,0,0
PROMO-0018-0641,Mid-Year Sale 2016,percentage,18.0,2016-06-23T00:00:00.000,2016-07-22T00:00:00.000,,online,0,0
PROMO-0018-0717,Mid-Year Sale 2016,percentage,18.0,2016-06-23T00:00:00.000,2016-07-22T00:00:00.000,,online,0,0
PROMO-0018-0762,Mid-Year Sale 2016,percentage,18.0,2016-06-23T00:00:00.000,2016-07-22T00:00:00.000,,online,0,0
PROMO-0018-0774,Mid-Year Sale 2016,percentage,18.0,2016-06-23T00:00:00.000,2016-07-22T00:00:00.000,,online,0,0
PROMO-0018-0851,Mid-Year Sale 2016,percentage,18.0,2016-06-23T00:00:00.000,2016-07-22T00:00:00.000,,online,0,0
PROMO-0018-0902,Mid-Year Sale 2016,percentage,18.0,2016-06-23T00:00:00.000,2016-07-22T00:00:00.000,,online,0,0
PROMO-0018-0956,Mid-Year Sale 2016,percentage,18.0,2016-06-23T00:00:00.000,2016-07-22T00:00:00.000,,online,0,0
PROMO-0018-0980,Mid-Year Sale 2016,percentage,18.0,2016-06-23T00:00:00.000,2016-07-22T00:00:00.000,,online,0,0
PROMO-0019-0008,Fall Launch 2016,percentage,10.0,2016-08-30T00:00:00.000,2016-10-01T00:00:00.000,,online,0,0
PROMO-0019-0225,Fall Launch 2016,percentage,10.0,2016-08-30T00:00:00.000,2016-10-01T00:00:00.000,,online,0,0
PROMO-0019-0252,Fall Launch 2016,percentage,10.0,2016-08-30T00:00:00.000,2016-10-01T00:00:00.000,,online,0,0
PROMO-0019-0255,Fall Launch 2016,percentage,10.0,2016-08-30T00:00:00.000,2016-10-01T00:00:00.000,,online,0,0
PROMO-0019-0290,Fall Launch 2016,percentage,10.0,2016-08-30T00:00:00.000,2016-10-01T00:00:00.000,,online,0,0
PROMO-0019-0352,Fall Launch 2016,percentage,10.0,2016-08-30T00:00:00.000,2016-10-01T00:00:00.000,,online,0,0
PROMO-0019-0457,Fall Launch 2016,percentage,10.0,2016-08-30T00:00:00.000,2016-10-01T00:00:00.000,,online,0,0
PROMO-0019-0459,Fall Launch 2016,percentage,10.0,2016-08-30T00:00:00.000,2016-10-01T00:00:00.000,,online,0,0
PROMO-0019-0515,Fall Launch 2016,percentage,,2016-08-30T00:00:00.000,2016-10-01T00:00:00.000,,online,0,0
PROMO-0019-0606,Fall Launch 2016,percentage,10.0,2016-08-30T00:00:00.000,2016-10-01T00:00:00.000,,online,0,0
PROMO-0019-0611,Fall Launch 2016,percentage,10.0,2016-08-30T00:00:00.000,2016-10-01T00:00:00.000,,online,0,0
PROMO-0019-0618,Fall Launch 2016,percentage,10.0,2016-08-30T00:00:00.000,2016-10-01T00:00:00.000,,online,0,0
PROMO-0019-0662,Fall Launch 2016,percentage,10.0,2016-08-30T00:00:00.000,2016-10-01T00:00:00.000,,online,0,0
PROMO-0019-0676,Fall Launch 2016,percentage,10.0,2016-08-30T00:00:00.000,2016-10-01T00:00:00.000,,online,0,0
PROMO-0019-0682,Fall Launch 2016,percentage,10.0,2016-08-30T00:00:00.000,2016-10-01T00:00:00.000,,online,0,0
PROMO-0019-0715,Fall Launch 2016,percentage,10.0,2016-08-30T00:00:00.000,2016-10-01T00:00:00.000,,online,0,0
PROMO-0019-0806,Fall Launch 2016,percentage,10.0,2016-08-30T00:00:00.000,2016-10-01T00:00:00.000,,online,0,0
PROMO-0019-0899,Fall Launch 2016,percentage,10.0,2016-08-30T00:00:00.000,2016-10-01T00:00:00.000,,online,0,0
PROMO-0019-0991,Fall Launch 2016,percentage,10.0,2016-08-30T00:00:00.000,2016-10-01T00:00:00.000,,online,0,0
PROMO-0020-0052,Year-End Sale 2016,percentage,20.0,2016-11-18T00:00:00.000,2017-01-02T00:00:00.000,,all_channels,0,0
PROMO-0020-0179,Year-End Sale 2016,percentage,20.0,2016-11-18T00:00:00.000,2017-01-02T00:00:00.000,,all_channels,0,0
PROMO-0020-0250,Year-End Sale 2016,percentage,20.0,2016-11-18T00:00:00.000,2017-01-02T00:00:00.000,,all_channels,0,0
PROMO-0020-0256,Year-End Sale 2016,percentage,20.0,2016-11-18T00:00:00.000,2017-01-02T00:00:00.000,,all_channels,0,0
PROMO-0020-0294,Year-End Sale 2016,percentage,20.0,2016-11-18T00:00:00.000,2017-01-02T00:00:00.000,,all_channels,0,0
PROMO-0020-0304,Year-End Sale 2016,percentage,20.0,2016-11-18T00:00:00.000,2017-01-02T00:00:00.000,,all_channels,0,0
PROMO-0020-0325,Year-End Sale 2016,percentage,20.0,2016-11-18T00:00:00.000,2017-01-02T00:00:00.000,,all_channels,0,0
PROMO-0020-0414,Year-End Sale 2016,percentage,20.0,2016-11-18T00:00:00.000,2017-01-02T00:00:00.000,,all_channels,0,0
PROMO-0020-0529,Year-End Sale 2016,percentage,20.0,2016-11-18T00:00:00.000,2017-01-02T00:00:00.000,,all_channels,0,0
PROMO-0020-0601,Year-End Sale 2016,percentage,20.0,2016-11-18T00:00:00.000,2017-01-02T00:00:00.000,,all_channels,0,0
PROMO-0020-0689,Year-End Sale 2016,percentage,20.0,2016-11-18T00:00:00.000,2017-01-02T00:00:00.000,,all_channels,0,0
PROMO-0020-0716,Year-End Sale 2016,percentage,20.0,2016-11-18T00:00:00.000,2017-01-02T00:00:00.000,,all_channels,0,0
PROMO-0020-0753,Year-End Sale 2016,percentage,20.0,2016-11-18T00:00:00.000,2017-01-02T00:00:00.000,,all_channels,0,0
PROMO-0020-0870,Year-End Sale 2016,percentage,20.0,2016-11-18T00:00:00.000,2017-01-02T00:00:00.000,,all_channels,0,0
PROMO-0020-0973,Year-End Sale 2016,percentage,20.0,2016-11-18T00:00:00.000,2017-01-02T00:00:00.000,,all_channels,0,0
PROMO-0021-0006,Spring Sale 2017,percentage,12.0,2017-03-18T00:00:00.000,2017-04-17T00:00:00.000,,all_channels,0,0
PROMO-0021-0024,Spring Sale 2017,percentage,12.0,2017-03-18T00:00:00.000,2017-04-17T00:00:00.000,,all_channels,0,0
PROMO-0021-0041,Spring Sale 2017,percentage,12.0,2017-03-18T00:00:00.000,2017-04-17T00:00:00.000,,all_channels,0,0
PROMO-0021-0085,Spring Sale 2017,percentage,12.0,2017-03-18T00:00:00.000,2017-04-17T00:00:00.000,,all_channels,0,0
PROMO-0021-0323,Spring Sale 2017,percentage,12.0,2017-03-18T00:00:00.000,2017-04-17T00:00:00.000,,all_channels,0,0
PROMO-0021-0344,Spring Sale 2017,percentage,12.0,2017-03-18T00:00:00.000,2017-04-17T00:00:00.000,,all_channels,0,0
PROMO-0021-0373,Spring Sale 2017,percentage,12.0,2017-03-18T00:00:00.000,2017-04-17T00:00:00.000,,all_channels,0,0
PROMO-0021-0502,Spring Sale 2017,percentage,12.0,2017-03-18T00:00:00.000,2017-04-17T00:00:00.000,,all_channels,0,0
PROMO-0021-0572,Spring Sale 2017,percentage,12.0,2017-03-18T00:00:00.000,2017-04-17T00:00:00.000,,all_channels,0,0
PROMO-0021-0625,Spring Sale 2017,percentage,12.0,2017-03-18T00:00:00.000,2017-04-17T00:00:00.000,,all_channels,0,0
PROMO-0021-0708,Spring Sale 2017,percentage,12.0,2017-03-18T00:00:00.000,2017-04-17T00:00:00.000,,all_channels,0,0
PROMO-0021-0710,Spring Sale 2017,percentage,12.0,2017-03-18T00:00:00.000,2017-04-17T00:00:00.000,,all_channels,0,0
PROMO-0021-0779,Spring Sale 2017,percentage,12.0,2017-03-18T00:00:00.000,2017-04-17T00:00:00.000,,all_channels,0,0
PROMO-0021-0791,Spring Sale 2017,percentage,12.0,2017-03-18T00:00:00.000,2017-04-17T00:00:00.000,,all_channels,0,0
PROMO-0021-0808,Spring Sale 2017,percentage,12.0,2017-03-18T00:00:00.000,2017-04-17T00:00:00.000,,all_channels,0,0
PROMO-0021-0841,Spring Sale 2017,percentage,12.0,2017-03-18T00:00:00.000,2017-04-17T00:00:00.000,,all_channels,0,0
PROMO-0021-0900,Spring Sale 2017,percentage,12.0,2017-03-18T00:00:00.000,2017-04-17T00:00:00.000,,all_channels,0,0
PROMO-0021-0906,Spring Sale 2017,percentage,12.0,2017-03-18T00:00:00.000,2017-04-17T00:00:00.000,,all_channels,0,0
PROMO-0022-0017,Mid-Year Sale 2017,percentage,18.0,2017-06-23T00:00:00.000,2017-07-22T00:00:00.000,,online,0,150000
PROMO-0022-0027,Mid-Year Sale 2017,percentage,18.0,2017-06-23T00:00:00.000,2017-07-22T00:00:00.000,,online,0,150000
PROMO-0022-0131,Mid-Year Sale 2017,percentage,18.0,2017-06-23T00:00:00.000,2017-07-22T00:00:00.000,,online,0,150000
PROMO-0022-0169,Mid-Year Sale 2017,percentage,18.0,2017-06-23T00:00:00.000,2017-07-22T00:00:00.000,,online,0,150000
PROMO-0022-0240,Mid-Year Sale 2017,percentage,18.0,2017-06-23T00:00:00.000,2017-07-22T00:00:00.000,,online,0,150000
PROMO-0022-0333,Mid-Year Sale 2017,percentage,18.0,2017-06-23T00:00:00.000,2017-07-22T00:00:00.000,,online,0,150000
PROMO-0022-0334,Mid-Year Sale 2017,percentage,18.0,2026-12-31T00:00:00.000,2026-01-01T00:00:00.000,,online,0,150000
PROMO-0022-0389,Mid-Year Sale 2017,percentage,18.0,2017-06-23T00:00:00.000,2017-07-22T00:00:00.000,,online,0,150000
PROMO-0022-0428,Mid-Year Sale 2017,percentage,18.0,2017-06-23T00:00:00.000,2017-07-22T00:00:00.000,,online,0,150000
PROMO-0022-0430,Mid-Year Sale 2017,percentage,18.0,2017-06-23T00:00:00.000,2017-07-22T00:00:00.000,,online,0,150000
PROMO-0022-0431,Mid-Year Sale 2017,percentage,18.0,2017-06-23T00:00:00.000,2017-07-22T00:00:00.000,,online,0,150000
PROMO-0022-0480,Mid-Year Sale 2017,percentage,18.0,2017-06-23T00:00:00.000,2017-07-22T00:00:00.000,,online,0,150000
PROMO-0022-0487,Mid-Year Sale 2017,percentage,18.0,2017-06-23T00:00:00.000,2017-07-22T00:00:00.000,,online,0,150000
PROMO-0022-0604,Mid-Year Sale 2017,percentage,18.0,2017-06-23T00:00:00.000,2017-07-22T00:00:00.000,,online,0,150000
PROMO-0022-0667,Mid-Year Sale 2017,percentage,18.0,2017-06-23T00:00:00.000,2017-07-22T00:00:00.000,,online,0,150000
PROMO-0022-0782,Mid-Year Sale 2017,percentage,18.0,2017-06-23T00:00:00.000,2017-07-22T00:00:00.000,,online,0,150000
PROMO-0022-0905,Mid-Year Sale 2017,percentage,18.0,2017-06-23T00:00:00.000,2017-07-22T00:00:00.000,,online,0,150000
PROMO-0022-0923,Mid-Year Sale 2017,percentage,18.0,2017-06-23T00:00:00.000,2017-07-22T00:00:00.000,,online,0,150000
PROMO-0022-0937,Mid-Year Sale 2017,percentage,18.0,2017-06-23T00:00:00.000,2017-07-22T00:00:00.000,,online,0,150000
PROMO-0022-0967,Mid-Year Sale 2017,percentage,18.0,2017-06-23T00:00:00.000,2017-07-22T00:00:00.000,,online,0,150000
PROMO-0022-0984,Mid-Year Sale 2017,percentage,18.0,2017-06-23T00:00:00.000,2017-07-22T00:00:00.000,,online,0,150000
PROMO-0023-0009,Fall Launch 2017,percentage,10.0,2017-08-30T00:00:00.000,2017-10-02T00:00:00.000,,all_channels,1,0
PROMO-0023-0083,Fall Launch 2017,percentage,10.0,2017-08-30T00:00:00.000,2017-10-02T00:00:00.000,,all_channels,1,0
PROMO-0023-0125,Fall Launch 2017,percentage,10.0,2017-08-30T00:00:00.000,2017-10-02T00:00:00.000,,all_channels,1,0
PROMO-0023-0159,Fall Launch 2017,percentage,10.0,2017-08-30T00:00:00.000,2017-10-02T00:00:00.000,,all_channels,1,0
PROMO-0023-0220,Fall Launch 2017,percentage,10.0,2017-08-30T00:00:00.000,2017-10-02T00:00:00.000,,all_channels,1,0
PROMO-0023-0270,Fall Launch 2017,percentage,10.0,2017-08-30T00:00:00.000,2017-10-02T00:00:00.000,,all_channels,1,0
PROMO-0023-0375,Fall Launch 2017,percentage,10.0,2017-08-30T00:00:00.000,2017-10-02T00:00:00.000,,all_channels,1,0
PROMO-0023-0390,Fall Launch 2017,percentage,10.0,2017-08-30T00:00:00.000,2017-10-02T00:00:00.000,,all_channels,1,0
PROMO-0023-0421,Fall Launch 2017,percentage,10.0,2017-08-30T00:00:00.000,2017-10-02T00:00:00.000,,all_channels,1,0
PROMO-0023-0427,Fall Launch 2017,percentage,10.0,2017-08-30T00:00:00.000,2017-10-02T00:00:00.000,,all_channels,1,0
PROMO-0023-0464,Fall Launch 2017,percentage,10.0,2017-08-30T00:00:00.000,2017-10-02T00:00:00.000,,all_channels,1,0
PROMO-0023-0508,Fall Launch 2017,percentage,10.0,2017-08-30T00:00:00.000,2017-10-02T00:00:00.000,,all_channels,1,0
PROMO-0023-0554,Fall Launch 2017,percentage,10.0,2017-08-30T00:00:00.000,2017-10-02T00:00:00.000,,all_channels,1,0
PROMO-0023-0588,Fall Launch 2017,percentage,10.0,2017-08-30T00:00:00.000,2017-10-02T00:00:00.000,,all_channels,1,0
PROMO-0023-0594,Fall Launch 2017,percentage,10.0,2017-08-30T00:00:00.000,2017-10-02T00:00:00.000,,all_channels,1,0
PROMO-0023-0627,Fall Launch 2017,percentage,10.0,2017-08-30T00:00:00.000,2017-10-02T00:00:00.000,,all_channels,1,0
PROMO-0023-0637,Fall Launch 2017,percentage,10.0,2017-08-30T00:00:00.000,2017-10-02T00:00:00.000,,all_channels,1,0
PROMO-0023-0727,Fall Launch 2017,percentage,10.0,2017-08-30T00:00:00.000,2017-10-02T00:00:00.000,,all_channels,1,0
PROMO-0023-0801,Fall Launch 2017,percentage,10.0,2017-08-30T00:00:00.000,2017-10-02T00:00:00.000,,all_channels,1,0
PROMO-0023-0838,Fall Launch 2017,percentage,10.0,2017-08-30T00:00:00.000,2017-10-02T00:00:00.000,,all_channels,1,0
PROMO-0023-0882,Fall Launch 2017,percentage,10.0,2017-08-30T00:00:00.000,2017-10-02T00:00:00.000,,all_channels,1,0
PROMO-0023-0941,Fall Launch 2017,percentage,10.0,2017-08-30T00:00:00.000,2017-10-02T00:00:00.000,,all_channels,1,0
PROMO-0023-0951,Fall Launch 2017,percentage,10.0,2017-08-30T00:00:00.000,2017-10-02T00:00:00.000,,all_channels,1,0
PROMO-0024-0012,Year-End Sale 2017,percentage,20.0,2017-11-18T00:00:00.000,2018-01-02T00:00:00.000,,all_channels,0,0
PROMO-0024-0015,Year-End Sale 2017,percentage,20.0,2017-11-18T00:00:00.000,2018-01-02T00:00:00.000,,all_channels,0,0
PROMO-0024-0019,Year-End Sale 2017,percentage,20.0,2017-11-18T00:00:00.000,2018-01-02T00:00:00.000,,all_channels,0,0
PROMO-0024-0090,Year-End Sale 2017,percentage,20.0,2017-11-18T00:00:00.000,2018-01-02T00:00:00.000,,all_channels,0,0
PROMO-0024-0102,Year-End Sale 2017,percentage,20.0,2017-11-18T00:00:00.000,2018-01-02T00:00:00.000,,all_channels,0,0
PROMO-0024-0106,Year-End Sale 2017,percentage,20.0,2017-11-18T00:00:00.000,2018-01-02T00:00:00.000,,all_channels,0,0
PROMO-0024-0126,Year-End Sale 2017,percentage,20.0,2017-11-18T00:00:00.000,2018-01-02T00:00:00.000,,all_channels,0,0
PROMO-0024-0200,Year-End Sale 2017,percentage,20.0,2017-11-18T00:00:00.000,2018-01-02T00:00:00.000,,all_channels,0,0
PROMO-0024-0204,Year-End Sale 2017,percentage,20.0,2017-11-18T00:00:00.000,2018-01-02T00:00:00.000,,all_channels,0,0
PROMO-0024-0236,Year-End Sale 2017,percentage,20.0,2017-11-18T00:00:00.000,2018-01-02T00:00:00.000,,all_channels,0,0
PROMO-0024-0295,Year-End Sale 2017,percentage,20.0,2017-11-18T00:00:00.000,2018-01-02T00:00:00.000,,all_channels,0,0
PROMO-0024-0297,Year-End Sale 2017,percentage,20.0,2017-11-18T00:00:00.000,2018-01-02T00:00:00.000,,all_channels,0,0
PROMO-0024-0366,Year-End Sale 2017,percentage,20.0,2017-11-18T00:00:00.000,2018-01-02T00:00:00.000,,all_channels,0,0
PROMO-0024-0385,Year-End Sale 2017,percentage,20.0,2017-11-18T00:00:00.000,2018-01-02T00:00:00.000,,all_channels,0,0
PROMO-0024-0409,Year-End Sale 2017,percentage,20.0,2017-11-18T00:00:00.000,2018-01-02T00:00:00.000,,all_channels,0,0
PROMO-0024-0522,Year-End Sale 2017,percentage,20.0,2017-11-18T00:00:00.000,2018-01-02T00:00:00.000,,all_channels,0,0
PROMO-0024-0530,Year-End Sale 2017,percentage,20.0,2017-11-18T00:00:00.000,2018-01-02T00:00:00.000,,all_channels,0,0
PROMO-0024-0577,Year-End Sale 2017,percentage,20.0,2017-11-18T00:00:00.000,2018-01-02T00:00:00.000,,all_channels,0,0
PROMO-0024-0587,Year-End Sale 2017,percentage,20.0,2017-11-18T00:00:00.000,2018-01-02T00:00:00.000,,all_channels,0,0
PROMO-0024-0736,Year-End Sale 2017,percentage,20.0,2017-11-18T00:00:00.000,2018-01-02T00:00:00.000,,all_channels,0,0
PROMO-0024-0858,Year-End Sale 2017,percentage,20.0,2017-11-18T00:00:00.000,2018-01-02T00:00:00.000,,all_channels,0,0
PROMO-0024-0871,Year-End Sale 2017,percentage,20.0,2017-11-18T00:00:00.000,2018-01-02T00:00:00.000,,all_channels,0,0
PROMO-0024-0943,Year-End Sale 2017,percentage,20.0,2017-11-18T00:00:00.000,2018-01-02T00:00:00.000,,all_channels,0,0
PROMO-0025-0029,Urban Blowout 2017,fixed,50.0,2017-07-30T00:00:00.000,2017-09-02T00:00:00.000,Streetwear,online,0,150000
PROMO-0025-0046,Urban Blowout 2017,fixed,50.0,2017-07-30T00:00:00.000,2017-09-02T00:00:00.000,Streetwear,online,0,150000
PROMO-0025-0092,Urban Blowout 2017,fixed,50.0,2017-07-30T00:00:00.000,2017-09-02T00:00:00.000,Streetwear,online,0,150000
PROMO-0025-0099,Urban Blowout 2017,fixed,50.0,2017-07-30T00:00:00.000,2017-09-02T00:00:00.000,Streetwear,online,0,150000
PROMO-0025-0183,Urban Blowout 2017,fixed,50.0,2017-07-30T00:00:00.000,2017-09-02T00:00:00.000,Streetwear,online,0,150000
PROMO-0025-0268,Urban Blowout 2017,fixed,50.0,2017-07-30T00:00:00.000,2017-09-02T00:00:00.000,Streetwear,online,0,150000
PROMO-0025-0307,Urban Blowout 2017,fixed,50.0,2017-07-30T00:00:00.000,2017-09-02T00:00:00.000,Streetwear,online,0,150000
PROMO-0025-0309,Urban Blowout 2017,fixed,50.0,2017-07-30T00:00:00.000,2017-09-02T00:00:00.000,Streetwear,online,0,150000
PROMO-0025-0379,Urban Blowout 2017,fixed,50.0,2017-07-30T00:00:00.000,2017-09-02T00:00:00.000,Streetwear,online,0,150000
PROMO-0025-0408,Urban Blowout 2017,fixed,50.0,2017-07-30T00:00:00.000,2017-09-02T00:00:00.000,Streetwear,online,0,150000
PROMO-0025-0429,Urban Blowout 2017,fixed,50.0,2017-07-30T00:00:00.000,2017-09-02T00:00:00.000,Streetwear,online,0,150000
PROMO-0025-0473,Urban Blowout 2017,fixed,50.0,2017-07-30T00:00:00.000,2017-09-02T00:00:00.000,Streetwear,online,0,150000
PROMO-0025-0571,Urban Blowout 2017,fixed,50.0,2017-07-30T00:00:00.000,2017-09-02T00:00:00.000,Streetwear,online,0,150000
PROMO-0025-0595,Urban Blowout 2017,fixed,50.0,2017-07-30T00:00:00.000,2017-09-02T00:00:00.000,Streetwear,online,0,150000
PROMO-0025-0603,Urban Blowout 2017,fixed,50.0,2017-07-30T00:00:00.000,2017-09-02T00:00:00.000,Streetwear,online,0,150000
PROMO-0025-0624,Urban Blowout 2017,fixed,50.0,2017-07-30T00:00:00.000,2017-09-02T00:00:00.000,Streetwear,online,0,150000
PROMO-0025-0670,Urban Blowout 2017,fixed,50.0,2017-07-30T00:00:00.000,2017-09-02T00:00:00.000,Streetwear,online,0,150000
PROMO-0025-0699,Urban Blowout 2017,fixed,50.0,2017-07-30T00:00:00.000,2017-09-02T00:00:00.000,Streetwear,online,0,150000
PROMO-0025-0765,Urban Blowout 2017,fixed,50.0,2017-07-30T00:00:00.000,2017-09-02T00:00:00.000,Streetwear,online,0,150000
PROMO-0025-0781,Urban Blowout 2017,fixed,50.0,2017-07-30T00:00:00.000,2017-09-02T00:00:00.000,Streetwear,online,0,150000
PROMO-0025-0891,Urban Blowout 2017,fixed,50.0,2017-07-30T00:00:00.000,2017-09-02T00:00:00.000,Streetwear,online,0,150000
PROMO-0025-0960,Urban Blowout 2017,fixed,50.0,2017-07-30T00:00:00.000,2017-09-02T00:00:00.000,Streetwear,online,0,150000
PROMO-0025-0970,Urban Blowout 2017,fixed,50.0,2017-07-30T00:00:00.000,2017-09-02T00:00:00.000,Streetwear,online,0,150000
PROMO-0025-0974,Urban Blowout 2017,fixed,50.0,2017-07-30T00:00:00.000,2017-09-02T00:00:00.000,Streetwear,online,0,150000
PROMO-0026-0050,Rural Special 2017,percentage,15.0,2017-01-30T00:00:00.000,2017-03-01T00:00:00.000,Outdoor,in_store,0,0
PROMO-0026-0072,Rural Special 2017,percentage,15.0,2017-01-30T00:00:00.000,2017-03-01T00:00:00.000,Outdoor,in_store,0,0
PROMO-0026-0091,Rural Special 2017,percentage,15.0,2017-01-30T00:00:00.000,2017-03-01T00:00:00.000,Outdoor,in_store,0,0
PROMO-0026-0142,Rural Special 2017,percentage,15.0,2017-01-30T00:00:00.000,2017-03-01T00:00:00.000,Outdoor,in_store,0,0
PROMO-0026-0149,Rural Special 2017,percentage,15.0,2017-01-30T00:00:00.000,2017-03-01T00:00:00.000,Outdoor,in_store,0,0
PROMO-0026-0228,Rural Special 2017,percentage,15.0,2017-01-30T00:00:00.000,2017-03-01T00:00:00.000,Outdoor,in_store,0,0
PROMO-0026-0253,Rural Special 2017,percentage,15.0,2017-01-30T00:00:00.000,2017-03-01T00:00:00.000,Outdoor,in_store,0,0
PROMO-0026-0277,Rural Special 2017,percentage,15.0,2017-01-30T00:00:00.000,2017-03-01T00:00:00.000,Outdoor,in_store,0,0
PROMO-0026-0395,Rural Special 2017,percentage,15.0,2017-01-30T00:00:00.000,2017-03-01T00:00:00.000,Outdoor,in_store,0,0
PROMO-0026-0405,Rural Special 2017,percentage,15.0,2017-01-30T00:00:00.000,2017-03-01T00:00:00.000,Outdoor,in_store,0,0
PROMO-0026-0461,Rural Special 2017,percentage,15.0,2017-01-30T00:00:00.000,2017-03-01T00:00:00.000,Outdoor,in_store,0,0
PROMO-0026-0463,Rural Special 2017,percentage,15.0,2017-01-30T00:00:00.000,2017-03-01T00:00:00.000,Outdoor,in_store,0,0
PROMO-0026-0484,Rural Special 2017,percentage,15.0,2017-01-30T00:00:00.000,2017-03-01T00:00:00.000,Outdoor,in_store,0,0
PROMO-0026-0499,Rural Special 2017,percentage,15.0,2017-01-30T00:00:00.000,2017-03-01T00:00:00.000,Outdoor,in_store,0,0
PROMO-0026-0500,Rural Special 2017,percentage,15.0,2017-01-30T00:00:00.000,2017-03-01T00:00:00.000,Outdoor,in_store,0,0
PROMO-0026-0556,Rural Special 2017,percentage,15.0,2017-01-30T00:00:00.000,2017-03-01T00:00:00.000,Outdoor,in_store,0,0
PROMO-0026-0559,Rural Special 2017,percentage,15.0,2017-01-30T00:00:00.000,2017-03-01T00:00:00.000,Outdoor,in_store,0,0
PROMO-0026-0561,Rural Special 2017,percentage,15.0,2017-01-30T00:00:00.000,2017-03-01T00:00:00.000,Outdoor,in_store,0,0
PROMO-0026-0681,Rural Special 2017,percentage,15.0,2017-01-30T00:00:00.000,2017-03-01T00:00:00.000,Outdoor,in_store,0,0
PROMO-0026-0741,Rural Special 2017,percentage,15.0,2017-01-30T00:00:00.000,2017-03-01T00:00:00.000,Outdoor,in_store,0,0
PROMO-0026-0780,Rural Special 2017,percentage,15.0,2017-01-30T00:00:00.000,2017-03-01T00:00:00.000,Outdoor,in_store,0,0
PROMO-0026-0825,Rural Special 2017,percentage,15.0,2017-01-30T00:00:00.000,2017-03-01T00:00:00.000,Outdoor,in_store,0,0
PROMO-0026-0912,Rural Special 2017,percentage,15.0,2017-01-30T00:00:00.000,2017-03-01T00:00:00.000,Outdoor,in_store,0,0
PROMO-0026-0917,Rural Special 2017,percentage,15.0,2017-01-30T00:00:00.000,2017-03-01T00:00:00.000,Outdoor,in_store,0,0
PROMO-0026-0921,Rural Special 2017,percentage,15.0,2017-01-30T00:00:00.000,2017-03-01T00:00:00.000,Outdoor,in_store,0,0
PROMO-0026-0929,Rural Special 2017,percentage,15.0,2017-01-30T00:00:00.000,2017-03-01T00:00:00.000,Outdoor,in_store,0,0
PROMO-0026-0939,Rural Special 2017,percentage,15.0,2017-01-30T00:00:00.000,2017-03-01T00:00:00.000,Outdoor,in_store,0,0
PROMO-0026-0946,Rural Special 2017,percentage,15.0,2017-01-30T00:00:00.000,2017-03-01T00:00:00.000,Outdoor,in_store,0,0
PROMO-0026-0968,Rural Special 2017,percentage,15.0,2017-01-30T00:00:00.000,2017-03-01T00:00:00.000,Outdoor,in_store,0,0
PROMO-0026-0996,Rural Special 2017,percentage,15.0,2017-01-30T00:00:00.000,2017-03-01T00:00:00.000,Outdoor,in_store,0,0
PROMO-0027-0031,Spring Sale 2018,percentage,12.0,2018-03-18T00:00:00.000,2018-04-17T00:00:00.000,,all_channels,0,100000
PROMO-0027-0132,Spring Sale 2018,percentage,12.0,2018-03-18T00:00:00.000,2018-04-17T00:00:00.000,,all_channels,0,100000
PROMO-0027-0145,Spring Sale 2018,percentage,12.0,2018-03-18T00:00:00.000,2018-04-17T00:00:00.000,,all_channels,0,100000
PROMO-0027-0187,Spring Sale 2018,percentage,12.0,2018-03-18T00:00:00.000,2018-04-17T00:00:00.000,,all_channels,0,100000
PROMO-0027-0194,Spring Sale 2018,percentage,12.0,2018-03-18T00:00:00.000,2018-04-17T00:00:00.000,,all_channels,0,100000
PROMO-0027-0341,Spring Sale 2018,percentage,12.0,2018-03-18T00:00:00.000,2018-04-17T00:00:00.000,,all_channels,0,100000
PROMO-0027-0342,Spring Sale 2018,percentage,12.0,2018-03-18T00:00:00.000,2018-04-17T00:00:00.000,,all_channels,0,100000
PROMO-0027-0392,Spring Sale 2018,percentage,12.0,2018-03-18T00:00:00.000,2018-04-17T00:00:00.000,,all_channels,0,100000
PROMO-0027-0528,Spring Sale 2018,percentage,12.0,2018-03-18T00:00:00.000,2018-04-17T00:00:00.000,,all_channels,0,100000
PROMO-0027-0656,Spring Sale 2018,percentage,12.0,2018-03-18T00:00:00.000,2018-04-17T00:00:00.000,,all_channels,0,100000
PROMO-0027-0679,Spring Sale 2018,percentage,12.0,2018-03-18T00:00:00.000,2018-04-17T00:00:00.000,,all_channels,0,100000
PROMO-0027-0749,Spring Sale 2018,percentage,12.0,2018-03-18T00:00:00.000,2018-04-17T00:00:00.000,,all_channels,0,100000
PROMO-0027-0783,Spring Sale 2018,percentage,12.0,2018-03-18T00:00:00.000,2018-04-17T00:00:00.000,,all_channels,0,100000
PROMO-0027-0854,Spring Sale 2018,percentage,12.0,2018-03-18T00:00:00.000,2018-04-17T00:00:00.000,,all_channels,0,100000
PROMO-0027-0895,Spring Sale 2018,percentage,12.0,2018-03-18T00:00:00.000,2018-04-17T00:00:00.000,,all_channels,0,100000
PROMO-0027-0919,Spring Sale 2018,percentage,12.0,2018-03-18T00:00:00.000,2018-04-17T00:00:00.000,,all_channels,0,100000
PROMO-0028-0033,Mid-Year Sale 2018,percentage,18.0,2018-06-23T00:00:00.000,2018-07-22T00:00:00.000,,social_media,0,150000
PROMO-0028-0053,Mid-Year Sale 2018,percentage,18.0,2018-06-23T00:00:00.000,2018-07-22T00:00:00.000,,social_media,0,150000
PROMO-0028-0117,Mid-Year Sale 2018,percentage,18.0,2018-06-23T00:00:00.000,2018-07-22T00:00:00.000,,social_media,0,150000
PROMO-0028-0170,Mid-Year Sale 2018,percentage,18.0,2018-06-23T00:00:00.000,2018-07-22T00:00:00.000,,social_media,0,150000
PROMO-0028-0175,Mid-Year Sale 2018,percentage,18.0,2018-06-23T00:00:00.000,2018-07-22T00:00:00.000,,social_media,0,150000
PROMO-0028-0176,Mid-Year Sale 2018,percentage,18.0,2018-06-23T00:00:00.000,2018-07-22T00:00:00.000,,social_media,0,150000
PROMO-0028-0182,Mid-Year Sale 2018,percentage,18.0,2018-06-23T00:00:00.000,2018-07-22T00:00:00.000,,social_media,0,150000
PROMO-0028-0219,Mid-Year Sale 2018,percentage,18.0,2018-06-23T00:00:00.000,2018-07-22T00:00:00.000,,social_media,0,150000
PROMO-0028-0267,Mid-Year Sale 2018,percentage,18.0,2018-06-23T00:00:00.000,2018-07-22T00:00:00.000,,social_media,0,150000
PROMO-0028-0347,Mid-Year Sale 2018,percentage,18.0,2018-06-23T00:00:00.000,2018-07-22T00:00:00.000,,social_media,0,150000
PROMO-0028-0358,Mid-Year Sale 2018,percentage,18.0,2018-06-23T00:00:00.000,2018-07-22T00:00:00.000,,social_media,0,150000
PROMO-0028-0423,Mid-Year Sale 2018,percentage,18.0,2018-06-23T00:00:00.000,2018-07-22T00:00:00.000,,social_media,0,150000
PROMO-0028-0460,Mid-Year Sale 2018,percentage,18.0,2018-06-23T00:00:00.000,2018-07-22T00:00:00.000,,social_media,0,150000
PROMO-0028-0490,Mid-Year Sale 2018,percentage,18.0,2018-06-23T00:00:00.000,2018-07-22T00:00:00.000,,social_media,0,150000
PROMO-0028-0526,Mid-Year Sale 2018,percentage,18.0,2018-06-23T00:00:00.000,2018-07-22T00:00:00.000,,social_media,0,150000
PROMO-0028-0615,Mid-Year Sale 2018,percentage,18.0,2018-06-23T00:00:00.000,2018-07-22T00:00:00.000,,social_media,0,150000
PROMO-0028-0688,Mid-Year Sale 2018,percentage,18.0,2018-06-23T00:00:00.000,2018-07-22T00:00:00.000,,social_media,0,150000
PROMO-0028-0690,Mid-Year Sale 2018,percentage,18.0,2018-06-23T00:00:00.000,2018-07-22T00:00:00.000,,social_media,0,150000
PROMO-0028-0697,Mid-Year Sale 2018,percentage,18.0,2018-06-23T00:00:00.000,2018-07-22T00:00:00.000,,social_media,0,150000
PROMO-0028-0737,Mid-Year Sale 2018,percentage,18.0,2018-06-23T00:00:00.000,2018-07-22T00:00:00.000,,social_media,0,150000
PROMO-0028-0739,Mid-Year Sale 2018,percentage,18.0,2018-06-23T00:00:00.000,2018-07-22T00:00:00.000,,social_media,0,150000
PROMO-0028-0744,Mid-Year Sale 2018,percentage,18.0,2018-06-23T00:00:00.000,2018-07-22T00:00:00.000,,social_media,0,150000
PROMO-0028-0745,Mid-Year Sale 2018,percentage,18.0,2018-06-23T00:00:00.000,2018-07-22T00:00:00.000,,social_media,0,150000
PROMO-0028-0755,Mid-Year Sale 2018,percentage,18.0,2018-06-23T00:00:00.000,2018-07-22T00:00:00.000,,social_media,0,150000
PROMO-0028-0794,Mid-Year Sale 2018,percentage,18.0,2018-06-23T00:00:00.000,2018-07-22T00:00:00.000,,social_media,0,150000
PROMO-0028-0821,Mid-Year Sale 2018,percentage,18.0,2018-06-23T00:00:00.000,2018-07-22T00:00:00.000,,social_media,0,150000
PROMO-0028-0903,Mid-Year Sale 2018,percentage,18.0,2018-06-23T00:00:00.000,2018-07-22T00:00:00.000,,social_media,0,150000
PROMO-0028-0940,Mid-Year Sale 2018,percentage,18.0,2018-06-23T00:00:00.000,2018-07-22T00:00:00.000,,social_media,0,150000
PROMO-0028-0962,Mid-Year Sale 2018,percentage,18.0,2018-06-23T00:00:00.000,2018-07-22T00:00:00.000,,social_media,0,150000
PROMO-0029-0002,Fall Launch 2018,percentage,10.0,2018-08-30T00:00:00.000,2018-10-01T00:00:00.000,,email,0,0
PROMO-0029-0070,Fall Launch 2018,percentage,10.0,2018-08-30T00:00:00.000,2018-10-01T00:00:00.000,,email,0,0
PROMO-0029-0095,Fall Launch 2018,percentage,10.0,2018-08-30T00:00:00.000,2018-10-01T00:00:00.000,,email,0,0
PROMO-0029-0164,Fall Launch 2018,percentage,10.0,2018-08-30T00:00:00.000,2018-10-01T00:00:00.000,,email,0,0
PROMO-0029-0248,Fall Launch 2018,percentage,10.0,2018-08-30T00:00:00.000,2018-10-01T00:00:00.000,,email,0,0
PROMO-0029-0310,Fall Launch 2018,percentage,10.0,2018-08-30T00:00:00.000,2018-10-01T00:00:00.000,,email,0,0
PROMO-0029-0360,Fall Launch 2018,percentage,10.0,2018-08-30T00:00:00.000,2018-10-01T00:00:00.000,,email,0,0
PROMO-0029-0367,Fall Launch 2018,percentage,10.0,2018-08-30T00:00:00.000,2018-10-01T00:00:00.000,,email,0,0
PROMO-0029-0403,Fall Launch 2018,percentage,10.0,2018-08-30T00:00:00.000,2018-10-01T00:00:00.000,,email,0,0
PROMO-0029-0481,Fall Launch 2018,percentage,10.0,2018-08-30T00:00:00.000,2018-10-01T00:00:00.000,,email,0,0
PROMO-0029-0488,Fall Launch 2018,percentage,10.0,2018-08-30T00:00:00.000,2018-10-01T00:00:00.000,,email,0,0
PROMO-0029-0546,Fall Launch 2018,percentage,10.0,2018-08-30T00:00:00.000,2018-10-01T00:00:00.000,,email,0,0
PROMO-0029-0558,Fall Launch 2018,percentage,10.0,2018-08-30T00:00:00.000,2018-10-01T00:00:00.000,,email,0,0
PROMO-0029-0569,Fall Launch 2018,percentage,10.0,2018-08-30T00:00:00.000,2018-10-01T00:00:00.000,,email,0,0
PROMO-0029-0638,Fall Launch 2018,percentage,10.0,2018-08-30T00:00:00.000,2018-10-01T00:00:00.000,,email,0,0
PROMO-0029-0659,Fall Launch 2018,percentage,10.0,2018-08-30T00:00:00.000,2018-10-01T00:00:00.000,,email,0,0
PROMO-0029-0757,Fall Launch 2018,percentage,10.0,2018-08-30T00:00:00.000,2018-10-01T00:00:00.000,,email,0,0
PROMO-0029-0864,Fall Launch 2018,percentage,10.0,2018-08-30T00:00:00.000,2018-10-01T00:00:00.000,,email,0,0
PROMO-0029-0896,Fall Launch 2018,percentage,10.0,2018-08-30T00:00:00.000,2018-10-01T00:00:00.000,,email,0,0
PROMO-0030-0021,Year-End Sale 2018,percentage,20.0,2018-11-18T00:00:00.000,2019-01-02T00:00:00.000,,all_channels,0,0
PROMO-0030-0157,Year-End Sale 2018,percentage,20.0,2018-11-18T00:00:00.000,2019-01-02T00:00:00.000,,all_channels,0,0
PROMO-0030-0180,Year-End Sale 2018,percentage,20.0,2018-11-18T00:00:00.000,2019-01-02T00:00:00.000,,all_channels,0,0
PROMO-0030-0272,Year-End Sale 2018,percentage,20.0,2018-11-18T00:00:00.000,2019-01-02T00:00:00.000,,all_channels,0,0
PROMO-0030-0336,Year-End Sale 2018,percentage,20.0,2018-11-18T00:00:00.000,2019-01-02T00:00:00.000,,all_channels,0,0
PROMO-0030-0345,Year-End Sale 2018,percentage,20.0,2018-11-18T00:00:00.000,2019-01-02T00:00:00.000,,all_channels,0,0
PROMO-0030-0359,Year-End Sale 2018,percentage,20.0,2018-11-18T00:00:00.000,2019-01-02T00:00:00.000,,all_channels,0,0
PROMO-0030-0448,Year-End Sale 2018,percentage,20.0,2018-11-18T00:00:00.000,2019-01-02T00:00:00.000,,all_channels,0,0
PROMO-0030-0456,Year-End Sale 2018,percentage,20.0,2018-11-18T00:00:00.000,2019-01-02T00:00:00.000,,all_channels,0,0
PROMO-0030-0494,Year-End Sale 2018,percentage,20.0,2018-11-18T00:00:00.000,2019-01-02T00:00:00.000,,all_channels,0,0
PROMO-0030-0506,Year-End Sale 2018,percentage,20.0,2018-11-18T00:00:00.000,2019-01-02T00:00:00.000,,all_channels,0,0
PROMO-0030-0598,Year-End Sale 2018,percentage,20.0,2018-11-18T00:00:00.000,2019-01-02T00:00:00.000,,all_channels,0,0
PROMO-0030-0768,Year-End Sale 2018,percentage,20.0,2018-11-18T00:00:00.000,2019-01-02T00:00:00.000,,all_channels,0,0
PROMO-0030-0833,Year-End Sale 2018,percentage,20.0,2018-11-18T00:00:00.000,2019-01-02T00:00:00.000,,all_channels,0,0
PROMO-0030-0834,Year-End Sale 2018,percentage,20.0,2018-11-18T00:00:00.000,2019-01-02T00:00:00.000,,all_channels,0,0
PROMO-0030-0852,Year-End Sale 2018,percentage,20.0,2018-11-18T00:00:00.000,2019-01-02T00:00:00.000,,all_channels,0,0
PROMO-0030-0860,Year-End Sale 2018,percentage,20.0,2018-11-18T00:00:00.000,2019-01-02T00:00:00.000,,all_channels,0,0
PROMO-0030-0925,Year-End Sale 2018,percentage,20.0,2018-11-18T00:00:00.000,2019-01-02T00:00:00.000,,all_channels,0,0
PROMO-0031-0078,Spring Sale 2019,percentage,12.0,2019-03-18T00:00:00.000,2019-04-17T00:00:00.000,,online,1,150000
PROMO-0031-0271,Spring Sale 2019,percentage,12.0,2019-03-18T00:00:00.000,2019-04-17T00:00:00.000,,online,1,150000
PROMO-0031-0370,Spring Sale 2019,percentage,12.0,2019-03-18T00:00:00.000,2019-04-17T00:00:00.000,,online,1,150000
PROMO-0031-0381,Spring Sale 2019,percentage,12.0,2019-03-18T00:00:00.000,2019-04-17T00:00:00.000,,online,1,150000
PROMO-0031-0513,Spring Sale 2019,percentage,12.0,2019-03-18T00:00:00.000,2019-04-17T00:00:00.000,,online,1,150000
PROMO-0031-0549,Spring Sale 2019,percentage,12.0,2019-03-18T00:00:00.000,2019-04-17T00:00:00.000,,online,1,150000
PROMO-0031-0617,Spring Sale 2019,percentage,12.0,2019-03-18T00:00:00.000,2019-04-17T00:00:00.000,,online,1,150000
PROMO-0031-0634,Spring Sale 2019,percentage,12.0,2019-03-18T00:00:00.000,2019-04-17T00:00:00.000,,online,1,150000
PROMO-0031-0675,Spring Sale 2019,percentage,12.0,2019-03-18T00:00:00.000,2019-04-17T00:00:00.000,,online,1,150000
PROMO-0031-0723,Spring Sale 2019,percentage,12.0,2019-03-18T00:00:00.000,2019-04-17T00:00:00.000,,online,1,150000
PROMO-0031-0797,Spring Sale 2019,percentage,12.0,2019-03-18T00:00:00.000,2019-04-17T00:00:00.000,,online,1,150000
PROMO-0031-0822,Spring Sale 2019,percentage,12.0,2019-03-18T00:00:00.000,2019-04-17T00:00:00.000,,online,1,150000
PROMO-0031-0884,Spring Sale 2019,percentage,12.0,2019-03-18T00:00:00.000,2019-04-17T00:00:00.000,,online,1,150000
PROMO-0032-0152,Mid-Year Sale 2019,percentage,18.0,2019-06-23T00:00:00.000,2019-07-22T00:00:00.000,,social_media,0,0
PROMO-0032-0155,Mid-Year Sale 2019,percentage,18.0,2019-06-23T00:00:00.000,2019-07-22T00:00:00.000,,social_media,0,0
PROMO-0032-0167,Mid-Year Sale 2019,percentage,18.0,2019-06-23T00:00:00.000,2019-07-22T00:00:00.000,,social_media,0,0
PROMO-0032-0202,Mid-Year Sale 2019,percentage,18.0,2019-06-23T00:00:00.000,2019-07-22T00:00:00.000,,social_media,0,0
PROMO-0032-0203,Mid-Year Sale 2019,percentage,18.0,2019-06-23T00:00:00.000,2019-07-22T00:00:00.000,,social_media,0,0
PROMO-0032-0222,Mid-Year Sale 2019,percentage,18.0,2019-06-23T00:00:00.000,2019-07-22T00:00:00.000,,social_media,0,0
PROMO-0032-0229,Mid-Year Sale 2019,percentage,18.0,2019-06-23T00:00:00.000,2019-07-22T00:00:00.000,,social_media,0,0
PROMO-0032-0231,Mid-Year Sale 2019,percentage,18.0,2019-06-23T00:00:00.000,2019-07-22T00:00:00.000,,social_media,0,0
PROMO-0032-0257,Mid-Year Sale 2019,percentage,18.0,2019-06-23T00:00:00.000,2019-07-22T00:00:00.000,,social_media,0,0
PROMO-0032-0286,Mid-Year Sale 2019,percentage,18.0,2019-06-23T00:00:00.000,2019-07-22T00:00:00.000,,social_media,0,0
PROMO-0032-0374,Mid-Year Sale 2019,percentage,18.0,2019-06-23T00:00:00.000,2019-07-22T00:00:00.000,,social_media,0,0
PROMO-0032-0387,Mid-Year Sale 2019,percentage,18.0,2019-06-23T00:00:00.000,2019-07-22T00:00:00.000,,social_media,0,0
PROMO-0032-0426,Mid-Year Sale 2019,percentage,18.0,2019-06-23T00:00:00.000,2019-07-22T00:00:00.000,,social_media,0,0
PROMO-0032-0447,Mid-Year Sale 2019,percentage,18.0,2019-06-23T00:00:00.000,2019-07-22T00:00:00.000,,social_media,0,0
PROMO-0032-0471,Mid-Year Sale 2019,percentage,18.0,2019-06-23T00:00:00.000,2019-07-22T00:00:00.000,,social_media,0,0
PROMO-0032-0516,Mid-Year Sale 2019,percentage,18.0,2019-06-23T00:00:00.000,2019-07-22T00:00:00.000,,social_media,0,0
PROMO-0032-0527,Mid-Year Sale 2019,percentage,18.0,2019-06-23T00:00:00.000,2019-07-22T00:00:00.000,,social_media,0,0
PROMO-0032-0586,Mid-Year Sale 2019,percentage,18.0,2019-06-23T00:00:00.000,2019-07-22T00:00:00.000,,social_media,0,0
PROMO-0032-0589,Mid-Year Sale 2019,percentage,18.0,2019-06-23T00:00:00.000,2019-07-22T00:00:00.000,,social_media,0,0
PROMO-0032-0705,Mid-Year Sale 2019,percentage,18.0,2019-06-23T00:00:00.000,2019-07-22T00:00:00.000,,social_media,0,0
PROMO-0032-0731,Mid-Year Sale 2019,percentage,18.0,2019-06-23T00:00:00.000,2019-07-22T00:00:00.000,,social_media,0,0
PROMO-0032-0775,Mid-Year Sale 2019,percentage,18.0,2019-06-23T00:00:00.000,2019-07-22T00:00:00.000,,social_media,0,0
PROMO-0032-0819,Mid-Year Sale 2019,percentage,18.0,2019-06-23T00:00:00.000,2019-07-22T00:00:00.000,,social_media,0,0
PROMO-0032-0893,Mid-Year Sale 2019,percentage,18.0,2019-06-23T00:00:00.000,2019-07-22T00:00:00.000,,social_media,0,0
PROMO-0032-0897,Mid-Year Sale 2019,percentage,18.0,2019-06-23T00:00:00.000,2019-07-22T00:00:00.000,,social_media,0,0
PROMO-0033-0025,Fall Launch 2019,percentage,10.0,2019-08-30T00:00:00.000,2019-10-01T00:00:00.000,,email,0,50000
PROMO-0033-0112,Fall Launch 2019,percentage,10.0,2019-08-30T00:00:00.000,2019-10-01T00:00:00.000,,email,0,50000
PROMO-0033-0123,Fall Launch 2019,percentage,10.0,2019-08-30T00:00:00.000,2019-10-01T00:00:00.000,,email,0,50000
PROMO-0033-0185,Fall Launch 2019,percentage,10.0,2019-08-30T00:00:00.000,2019-10-01T00:00:00.000,,email,0,50000
PROMO-0033-0197,Fall Launch 2019,percentage,10.0,2019-08-30T00:00:00.000,2019-10-01T00:00:00.000,,email,0,50000
PROMO-0033-0223,Fall Launch 2019,percentage,10.0,2019-08-30T00:00:00.000,2019-10-01T00:00:00.000,,email,0,50000
PROMO-0033-0244,Fall Launch 2019,percentage,10.0,2019-08-30T00:00:00.000,2019-10-01T00:00:00.000,,email,0,50000
PROMO-0033-0260,Fall Launch 2019,percentage,10.0,2019-08-30T00:00:00.000,2019-10-01T00:00:00.000,,email,0,50000
PROMO-0033-0296,Fall Launch 2019,percentage,10.0,2019-08-30T00:00:00.000,2019-10-01T00:00:00.000,,email,0,50000
PROMO-0033-0319,Fall Launch 2019,percentage,10.0,2019-08-30T00:00:00.000,2019-10-01T00:00:00.000,,email,0,50000
PROMO-0033-0321,Fall Launch 2019,percentage,10.0,2019-08-30T00:00:00.000,2019-10-01T00:00:00.000,,email,0,50000
PROMO-0033-0330,Fall Launch 2019,percentage,10.0,2019-08-30T00:00:00.000,2019-10-01T00:00:00.000,,email,0,50000
PROMO-0033-0346,Fall Launch 2019,percentage,10.0,2019-08-30T00:00:00.000,2019-10-01T00:00:00.000,,email,0,50000
PROMO-0033-0349,Fall Launch 2019,percentage,10.0,2019-08-30T00:00:00.000,2019-10-01T00:00:00.000,,email,0,50000
PROMO-0033-0372,Fall Launch 2019,percentage,10.0,2019-08-30T00:00:00.000,2019-10-01T00:00:00.000,,email,0,50000
PROMO-0033-0376,Fall Launch 2019,percentage,10.0,2019-08-30T00:00:00.000,2019-10-01T00:00:00.000,,email,0,50000
PROMO-0033-0398,Fall Launch 2019,percentage,10.0,2019-08-30T00:00:00.000,2019-10-01T00:00:00.000,,email,0,50000
PROMO-0033-0438,Fall Launch 2019,percentage,10.0,2019-08-30T00:00:00.000,2019-10-01T00:00:00.000,,email,0,50000
PROMO-0033-0505,Fall Launch 2019,percentage,10.0,2019-08-30T00:00:00.000,2019-10-01T00:00:00.000,,email,0,50000
PROMO-0033-0534,Fall Launch 2019,percentage,10.0,2019-08-30T00:00:00.000,2019-10-01T00:00:00.000,,email,0,50000
PROMO-0033-0535,Fall Launch 2019,percentage,10.0,2019-08-30T00:00:00.000,2019-10-01T00:00:00.000,,email,0,50000
PROMO-0033-0541,Fall Launch 2019,percentage,10.0,2019-08-30T00:00:00.000,2019-10-01T00:00:00.000,,email,0,50000
PROMO-0033-0700,Fall Launch 2019,percentage,10.0,2019-08-30T00:00:00.000,2019-10-01T00:00:00.000,,email,0,50000
PROMO-0033-0752,Fall Launch 2019,percentage,10.0,2019-08-30T00:00:00.000,2019-10-01T00:00:00.000,,email,0,50000
PROMO-0033-0772,Fall Launch 2019,percentage,10.0,2019-08-30T00:00:00.000,2019-10-01T00:00:00.000,,email,0,50000
PROMO-0033-0786,Fall Launch 2019,percentage,10.0,2019-08-30T00:00:00.000,2019-10-01T00:00:00.000,,email,0,50000
PROMO-0033-0857,Fall Launch 2019,percentage,10.0,2019-08-30T00:00:00.000,2019-10-01T00:00:00.000,,email,0,50000
PROMO-0034-0074,Year-End Sale 2019,percentage,20.0,2019-11-18T00:00:00.000,2020-01-02T00:00:00.000,,all_channels,0,50000
PROMO-0034-0122,Year-End Sale 2019,percentage,150.0,2019-11-18T00:00:00.000,2020-01-02T00:00:00.000,,all_channels,0,50000
PROMO-0034-0238,Year-End Sale 2019,percentage,20.0,2019-11-18T00:00:00.000,2020-01-02T00:00:00.000,,all_channels,0,50000
PROMO-0034-0343,Year-End Sale 2019,percentage,20.0,2019-11-18T00:00:00.000,2020-01-02T00:00:00.000,,all_channels,0,50000
PROMO-0034-0424,Year-End Sale 2019,percentage,20.0,2019-11-18T00:00:00.000,2020-01-02T00:00:00.000,,all_channels,0,50000
PROMO-0034-0470,Year-End Sale 2019,percentage,20.0,2019-11-18T00:00:00.000,2020-01-02T00:00:00.000,,all_channels,0,50000
PROMO-0034-0512,Year-End Sale 2019,percentage,20.0,2019-11-18T00:00:00.000,2020-01-02T00:00:00.000,,all_channels,0,50000
PROMO-0034-0562,Year-End Sale 2019,percentage,20.0,2019-11-18T00:00:00.000,2020-01-02T00:00:00.000,,all_channels,0,50000
PROMO-0034-0787,Year-End Sale 2019,percentage,20.0,2019-11-18T00:00:00.000,2020-01-02T00:00:00.000,,all_channels,0,50000
PROMO-0034-0820,Year-End Sale 2019,percentage,20.0,2019-11-18T00:00:00.000,2020-01-02T00:00:00.000,,all_channels,0,50000
PROMO-0034-0826,Year-End Sale 2019,percentage,20.0,2019-11-18T00:00:00.000,2020-01-02T00:00:00.000,,all_channels,0,50000
PROMO-0034-0847,Year-End Sale 2019,percentage,20.0,2019-11-18T00:00:00.000,2020-01-02T00:00:00.000,,all_channels,0,50000
PROMO-0034-0850,Year-End Sale 2019,percentage,20.0,2019-11-18T00:00:00.000,2020-01-02T00:00:00.000,,all_channels,0,50000
PROMO-0034-0855,Year-End Sale 2019,percentage,20.0,2019-11-18T00:00:00.000,2020-01-02T00:00:00.000,,all_channels,0,50000
PROMO-0034-0873,Year-End Sale 2019,percentage,20.0,2019-11-18T00:00:00.000,2020-01-02T00:00:00.000,,all_channels,0,50000
PROMO-0034-0914,Year-End Sale 2019,percentage,20.0,2019-11-18T00:00:00.000,2020-01-02T00:00:00.000,,all_channels,0,50000
PROMO-0034-0985,Year-End Sale 2019,percentage,20.0,2019-11-18T00:00:00.000,2020-01-02T00:00:00.000,,all_channels,0,50000
PROMO-0034-0997,Year-End Sale 2019,percentage,20.0,2019-11-18T00:00:00.000,2020-01-02T00:00:00.000,,all_channels,0,50000
PROMO-0035-0059,Urban Blowout 2019,fixed,50.0,2019-07-30T00:00:00.000,2019-09-02T00:00:00.000,Streetwear,online,0,100000
PROMO-0035-0110,Urban Blowout 2019,fixed,50.0,2019-07-30T00:00:00.000,2019-09-02T00:00:00.000,Streetwear,online,0,100000
PROMO-0035-0111,Urban Blowout 2019,fixed,50.0,2019-07-30T00:00:00.000,2019-09-02T00:00:00.000,Streetwear,online,0,100000
PROMO-0035-0128,Urban Blowout 2019,fixed,50.0,2019-07-30T00:00:00.000,2019-09-02T00:00:00.000,Streetwear,online,0,100000
PROMO-0035-0133,Urban Blowout 2019,fixed,50.0,2019-07-30T00:00:00.000,2019-09-02T00:00:00.000,Streetwear,online,0,100000
PROMO-0035-0135,Urban Blowout 2019,fixed,50.0,2019-07-30T00:00:00.000,2019-09-02T00:00:00.000,Streetwear,online,0,100000
PROMO-0035-0274,Urban Blowout 2019,fixed,50.0,2019-07-30T00:00:00.000,2019-09-02T00:00:00.000,Streetwear,online,0,100000
PROMO-0035-0289,Urban Blowout 2019,fixed,50.0,2019-07-30T00:00:00.000,2019-09-02T00:00:00.000,Streetwear,online,0,100000
PROMO-0035-0305,Urban Blowout 2019,fixed,50.0,2019-07-30T00:00:00.000,2019-09-02T00:00:00.000,Streetwear,online,0,100000
PROMO-0035-0308,Urban Blowout 2019,fixed,50.0,2019-07-30T00:00:00.000,2019-09-02T00:00:00.000,Streetwear,online,0,100000
PROMO-0035-0315,Urban Blowout 2019,fixed,50.0,2019-07-30T00:00:00.000,2019-09-02T00:00:00.000,Streetwear,online,0,100000
PROMO-0035-0354,Urban Blowout 2019,fixed,50.0,2019-07-30T00:00:00.000,2019-09-02T00:00:00.000,Streetwear,online,0,100000
PROMO-0035-0363,Urban Blowout 2019,fixed,50.0,2019-07-30T00:00:00.000,2019-09-02T00:00:00.000,Streetwear,online,0,100000
PROMO-0035-0371,Urban Blowout 2019,fixed,50.0,2019-07-30T00:00:00.000,2019-09-02T00:00:00.000,Streetwear,online,0,100000
PROMO-0035-0406,Urban Blowout 2019,fixed,50.0,2019-07-30T00:00:00.000,2019-09-02T00:00:00.000,Streetwear,online,0,100000
PROMO-0035-0450,Urban Blowout 2019,fixed,50.0,2019-07-30T00:00:00.000,2019-09-02T00:00:00.000,Streetwear,online,0,100000
PROMO-0035-0533,Urban Blowout 2019,fixed,50.0,2019-07-30T00:00:00.000,2019-09-02T00:00:00.000,Streetwear,online,0,100000
PROMO-0035-0553,Urban Blowout 2019,fixed,50.0,2019-07-30T00:00:00.000,2019-09-02T00:00:00.000,Streetwear,online,0,100000
PROMO-0035-0578,Urban Blowout 2019,fixed,50.0,2019-07-30T00:00:00.000,2019-09-02T00:00:00.000,Streetwear,online,0,100000
PROMO-0035-0580,Urban Blowout 2019,fixed,50.0,2019-07-30T00:00:00.000,2019-09-02T00:00:00.000,Streetwear,online,0,100000
PROMO-0035-0596,Urban Blowout 2019,fixed,50.0,2019-07-30T00:00:00.000,2019-09-02T00:00:00.000,Streetwear,online,0,100000
PROMO-0035-0622,Urban Blowout 2019,fixed,50.0,2019-07-30T00:00:00.000,2019-09-02T00:00:00.000,Streetwear,online,0,100000
PROMO-0035-0636,Urban Blowout 2019,fixed,50.0,2019-07-30T00:00:00.000,2019-09-02T00:00:00.000,Streetwear,online,0,100000
PROMO-0035-0714,Urban Blowout 2019,fixed,50.0,2019-07-30T00:00:00.000,2019-09-02T00:00:00.000,Streetwear,online,0,100000
PROMO-0035-0760,Urban Blowout 2019,fixed,50.0,2019-07-30T00:00:00.000,2019-09-02T00:00:00.000,Streetwear,online,0,100000
PROMO-0035-0789,Urban Blowout 2019,fixed,50.0,2019-07-30T00:00:00.000,2019-09-02T00:00:00.000,Streetwear,online,0,100000
PROMO-0035-0934,Urban Blowout 2019,fixed,50.0,2019-07-30T00:00:00.000,2019-09-02T00:00:00.000,Streetwear,online,0,100000
PROMO-0035-0958,Urban Blowout 2019,fixed,50.0,2019-07-30T00:00:00.000,2019-09-02T00:00:00.000,Streetwear,online,0,100000
PROMO-0036-0013,Rural Special 2019,percentage,15.0,2019-01-30T00:00:00.000,2019-03-01T00:00:00.000,Outdoor,in_store,1,150000
PROMO-0036-0062,Rural Special 2019,percentage,15.0,2019-01-30T00:00:00.000,2019-03-01T00:00:00.000,Outdoor,in_store,1,150000
PROMO-0036-0076,Rural Special 2019,percentage,15.0,2019-01-30T00:00:00.000,2019-03-01T00:00:00.000,Outdoor,in_store,1,150000
PROMO-0036-0165,Rural Special 2019,percentage,15.0,2019-01-30T00:00:00.000,2019-03-01T00:00:00.000,Outdoor,in_store,1,150000
PROMO-0036-0251,Rural Special 2019,percentage,15.0,2019-01-30T00:00:00.000,2019-03-01T00:00:00.000,Outdoor,in_store,1,150000
PROMO-0036-0301,Rural Special 2019,percentage,15.0,2019-01-30T00:00:00.000,2019-03-01T00:00:00.000,Outdoor,in_store,1,150000
PROMO-0036-0318,Rural Special 2019,percentage,15.0,2019-01-30T00:00:00.000,2019-03-01T00:00:00.000,Outdoor,in_store,1,150000
PROMO-0036-0412,Rural Special 2019,percentage,15.0,2019-01-30T00:00:00.000,2019-03-01T00:00:00.000,Outdoor,in_store,1,150000
PROMO-0036-0504,Rural Special 2019,percentage,15.0,2019-01-30T00:00:00.000,2019-03-01T00:00:00.000,Outdoor,in_store,1,150000
PROMO-0036-0511,Rural Special 2019,percentage,15.0,2019-01-30T00:00:00.000,2019-03-01T00:00:00.000,Outdoor,in_store,1,150000
PROMO-0036-0570,Rural Special 2019,percentage,15.0,2019-01-30T00:00:00.000,2019-03-01T00:00:00.000,Outdoor,in_store,1,150000
PROMO-0036-0573,Rural Special 2019,percentage,15.0,2019-01-30T00:00:00.000,2019-03-01T00:00:00.000,Outdoor,in_store,1,150000
PROMO-0036-0582,Rural Special 2019,percentage,15.0,2019-01-30T00:00:00.000,2019-03-01T00:00:00.000,Outdoor,in_store,1,150000
PROMO-0036-0608,Rural Special 2019,percentage,15.0,2019-01-30T00:00:00.000,2019-03-01T00:00:00.000,Outdoor,in_store,1,150000
PROMO-0036-0626,Rural Special 2019,percentage,15.0,2019-01-30T00:00:00.000,2019-03-01T00:00:00.000,Outdoor,in_store,1,150000
PROMO-0036-0673,Rural Special 2019,percentage,15.0,2019-01-30T00:00:00.000,2019-03-01T00:00:00.000,Outdoor,in_store,1,150000
PROMO-0036-0713,Rural Special 2019,percentage,15.0,2019-01-30T00:00:00.000,2019-03-01T00:00:00.000,Outdoor,in_store,1,150000
PROMO-0036-0740,Rural Special 2019,percentage,15.0,2019-01-30T00:00:00.000,2019-03-01T00:00:00.000,Outdoor,in_store,1,150000
PROMO-0036-0748,Rural Special 2019,percentage,15.0,2019-01-30T00:00:00.000,2019-03-01T00:00:00.000,Outdoor,in_store,1,150000
PROMO-0036-0930,Rural Special 2019,percentage,15.0,2019-01-30T00:00:00.000,2019-03-01T00:00:00.000,Outdoor,in_store,1,150000
PROMO-0036-0982,Rural Special 2019,percentage,15.0,2019-01-30T00:00:00.000,2019-03-01T00:00:00.000,Outdoor,in_store,1,150000
PROMO-0037-0039,Spring Sale 2020,percentage,12.0,2020-03-18T00:00:00.000,2020-04-17T00:00:00.000,,online,0,0
PROMO-0037-0127,Spring Sale 2020,percentage,12.0,2020-03-18T00:00:00.000,2020-04-17T00:00:00.000,,online,0,0
PROMO-0037-0136,Spring Sale 2020,percentage,12.0,2020-03-18T00:00:00.000,2020-04-17T00:00:00.000,,online,0,0
PROMO-0037-0158,Spring Sale 2020,percentage,12.0,2020-03-18T00:00:00.000,2020-04-17T00:00:00.000,,online,0,0
PROMO-0037-0196,Spring Sale 2020,percentage,12.0,2020-03-18T00:00:00.000,2020-04-17T00:00:00.000,,online,0,0
PROMO-0037-0213,Spring Sale 2020,percentage,12.0,2020-03-18T00:00:00.000,2020-04-17T00:00:00.000,,online,0,0
PROMO-0037-0221,Spring Sale 2020,percentage,12.0,2020-03-18T00:00:00.000,2020-04-17T00:00:00.000,,online,0,0
PROMO-0037-0285,Spring Sale 2020,percentage,12.0,2020-03-18T00:00:00.000,2020-04-17T00:00:00.000,,online,0,0
PROMO-0037-0365,Spring Sale 2020,percentage,12.0,2020-03-18T00:00:00.000,2020-04-17T00:00:00.000,,online,0,0
PROMO-0037-0437,Spring Sale 2020,percentage,12.0,2020-03-18T00:00:00.000,2020-04-17T00:00:00.000,,online,0,0
PROMO-0037-0462,Spring Sale 2020,percentage,12.0,2020-03-18T00:00:00.000,2020-04-17T00:00:00.000,,online,0,0
PROMO-0037-0486,Spring Sale 2020,percentage,12.0,2020-03-18T00:00:00.000,2020-04-17T00:00:00.000,,online,0,0
PROMO-0037-0507,Spring Sale 2020,percentage,12.0,2020-03-18T00:00:00.000,2020-04-17T00:00:00.000,,online,0,0
PROMO-0037-0537,Spring Sale 2020,percentage,12.0,2020-03-18T00:00:00.000,2020-04-17T00:00:00.000,,online,0,0
PROMO-0037-0575,Spring Sale 2020,percentage,12.0,2020-03-18T00:00:00.000,2020-04-17T00:00:00.000,,online,0,0
PROMO-0037-0590,Spring Sale 2020,percentage,12.0,2020-03-18T00:00:00.000,2020-04-17T00:00:00.000,,online,0,0
PROMO-0037-0660,Spring Sale 2020,percentage,12.0,2020-03-18T00:00:00.000,2020-04-17T00:00:00.000,,online,0,0
PROMO-0037-0712,Spring Sale 2020,percentage,12.0,2020-03-18T00:00:00.000,2020-04-17T00:00:00.000,,online,0,0
PROMO-0037-0746,Spring Sale 2020,percentage,12.0,2020-03-18T00:00:00.000,2020-04-17T00:00:00.000,,online,0,0
PROMO-0037-0802,Spring Sale 2020,percentage,12.0,2020-03-18T00:00:00.000,2020-04-17T00:00:00.000,,online,0,0
PROMO-0037-0803,Spring Sale 2020,percentage,12.0,2020-03-18T00:00:00.000,2020-04-17T00:00:00.000,,online,0,0
PROMO-0037-0840,Spring Sale 2020,percentage,12.0,2020-03-18T00:00:00.000,2020-04-17T00:00:00.000,,online,0,0
PROMO-0037-0961,Spring Sale 2020,percentage,12.0,2020-03-18T00:00:00.000,2020-04-17T00:00:00.000,,online,0,0
PROMO-0037-0994,Spring Sale 2020,percentage,12.0,2020-03-18T00:00:00.000,2020-04-17T00:00:00.000,,online,0,0
PROMO-0037-1000,Spring Sale 2020,percentage,12.0,2020-03-18T00:00:00.000,2020-04-17T00:00:00.000,,online,0,0
PROMO-0038-0022,Mid-Year Sale 2020,percentage,18.0,2020-06-23T00:00:00.000,2020-07-22T00:00:00.000,,social_media,0,0
PROMO-0038-0235,Mid-Year Sale 2020,percentage,18.0,2020-06-23T00:00:00.000,2020-07-22T00:00:00.000,,social_media,0,0
PROMO-0038-0302,Mid-Year Sale 2020,percentage,18.0,2020-06-23T00:00:00.000,2020-07-22T00:00:00.000,,social_media,0,0
PROMO-0038-0337,Mid-Year Sale 2020,percentage,18.0,2020-06-23T00:00:00.000,2020-07-22T00:00:00.000,,social_media,0,0
PROMO-0038-0338,Mid-Year Sale 2020,percentage,18.0,2020-06-23T00:00:00.000,2020-07-22T00:00:00.000,,social_media,0,0
PROMO-0038-0648,Mid-Year Sale 2020,percentage,18.0,2020-06-23T00:00:00.000,2020-07-22T00:00:00.000,,social_media,0,0
PROMO-0038-0661,Mid-Year Sale 2020,percentage,18.0,2020-06-23T00:00:00.000,2020-07-22T00:00:00.000,,social_media,0,0
PROMO-0038-0701,Mid-Year Sale 2020,percentage,18.0,2020-06-23T00:00:00.000,2020-07-22T00:00:00.000,,social_media,0,0
PROMO-0038-0734,Mid-Year Sale 2020,percentage,18.0,2020-06-23T00:00:00.000,2020-07-22T00:00:00.000,,social_media,0,0
PROMO-0038-0799,Mid-Year Sale 2020,percentage,18.0,2020-06-23T00:00:00.000,2020-07-22T00:00:00.000,,social_media,0,0
PROMO-0038-0846,Mid-Year Sale 2020,percentage,18.0,2020-06-23T00:00:00.000,2020-07-22T00:00:00.000,,n/a,0,0
PROMO-0038-0848,Mid-Year Sale 2020,percentage,18.0,2020-06-23T00:00:00.000,2020-07-22T00:00:00.000,,social_media,0,0
PROMO-0038-0856,Mid-Year Sale 2020,percentage,18.0,2020-06-23T00:00:00.000,2020-07-22T00:00:00.000,,social_media,0,0
PROMO-0038-0957,Mid-Year Sale 2020,percentage,18.0,2020-06-23T00:00:00.000,2020-07-22T00:00:00.000,,social_media,0,0
PROMO-0039-0001,Fall Launch 2020,percentage,10.0,2020-08-30T00:00:00.000,2020-10-01T00:00:00.000,,all_channels,0,150000
PROMO-0039-0007,Fall Launch 2020,percentage,10.0,2020-08-30T00:00:00.000,2020-10-01T00:00:00.000,,all_channels,0,150000
PROMO-0039-0043,Fall Launch 2020,percentage,10.0,2020-08-30T00:00:00.000,2020-10-01T00:00:00.000,,all_channels,0,150000
PROMO-0039-0115,Fall Launch 2020,percentage,10.0,2020-08-30T00:00:00.000,2020-10-01T00:00:00.000,,all_channels,0,150000
PROMO-0039-0144,Fall Launch 2020,percentage,10.0,2020-08-30T00:00:00.000,2020-10-01T00:00:00.000,,all_channels,0,150000
PROMO-0039-0153,Fall Launch 2020,percentage,10.0,2020-08-30T00:00:00.000,2020-10-01T00:00:00.000,,all_channels,0,150000
PROMO-0039-0160,Fall Launch 2020,percentage,10.0,2020-08-30T00:00:00.000,2020-10-01T00:00:00.000,,all_channels,0,150000
PROMO-0039-0184,Fall Launch 2020,percentage,10.0,2020-08-30T00:00:00.000,2020-10-01T00:00:00.000,,all_channels,0,150000
PROMO-0039-0191,Fall Launch 2020,percentage,10.0,2020-08-30T00:00:00.000,2020-10-01T00:00:00.000,,all_channels,0,150000
PROMO-0039-0209,Fall Launch 2020,percentage,10.0,2020-08-30T00:00:00.000,2020-10-01T00:00:00.000,,all_channels,0,150000
PROMO-0039-0262,Fall Launch 2020,percentage,10.0,2020-08-30T00:00:00.000,2020-10-01T00:00:00.000,,all_channels,0,150000
PROMO-0039-0402,Fall Launch 2020,percentage,10.0,2020-08-30T00:00:00.000,2020-10-01T00:00:00.000,,all_channels,0,150000
PROMO-0039-0443,Fall Launch 2020,percentage,10.0,2020-08-30T00:00:00.000,2020-10-01T00:00:00.000,,all_channels,0,150000
PROMO-0039-0478,Fall Launch 2020,percentage,10.0,2020-08-30T00:00:00.000,2020-10-01T00:00:00.000,,all_channels,0,150000
PROMO-0039-0503,Fall Launch 2020,percentage,10.0,2020-08-30T00:00:00.000,2020-10-01T00:00:00.000,,all_channels,0,150000
PROMO-0039-0585,Fall Launch 2020,percentage,10.0,2020-08-30T00:00:00.000,2020-10-01T00:00:00.000,,all_channels,0,150000
PROMO-0039-0629,Fall Launch 2020,percentage,10.0,2020-08-30T00:00:00.000,2020-10-01T00:00:00.000,,all_channels,0,150000
PROMO-0039-0632,Fall Launch 2020,percentage,10.0,2020-08-30T00:00:00.000,2020-10-01T00:00:00.000,,all_channels,0,150000
PROMO-0039-0678,Fall Launch 2020,percentage,10.0,2020-08-30T00:00:00.000,2020-10-01T00:00:00.000,,all_channels,0,150000
PROMO-0039-0683,Fall Launch 2020,percentage,10.0,2020-08-30T00:00:00.000,2020-10-01T00:00:00.000,,all_channels,0,150000
PROMO-0039-0693,Fall Launch 2020,percentage,10.0,2020-08-30T00:00:00.000,2020-10-01T00:00:00.000,,all_channels,0,150000
PROMO-0039-0824,Fall Launch 2020,percentage,10.0,2020-08-30T00:00:00.000,2020-10-01T00:00:00.000,,all_channels,0,150000
PROMO-0039-0845,Fall Launch 2020,percentage,10.0,2020-08-30T00:00:00.000,2020-10-01T00:00:00.000,,all_channels,0,150000
PROMO-0039-0964,Fall Launch 2020,percentage,10.0,2020-08-30T00:00:00.000,2020-10-01T00:00:00.000,,all_channels,0,150000
PROMO-0039-0966,Fall Launch 2020,percentage,10.0,2020-08-30T00:00:00.000,2020-10-01T00:00:00.000,,all_channels,0,150000
PROMO-0040-0014,Year-End Sale 2020,percentage,20.0,2020-11-18T00:00:00.000,2021-01-01T00:00:00.000,,all_channels,0,0
PROMO-0040-0064,Year-End Sale 2020,percentage,20.0,2020-11-18T00:00:00.000,2021-01-01T00:00:00.000,,all_channels,0,0
PROMO-0040-0084,Year-End Sale 2020,percentage,20.0,2020-11-18T00:00:00.000,2021-01-01T00:00:00.000,,all_channels,0,0
PROMO-0040-0130,Year-End Sale 2020,percentage,20.0,2020-11-18T00:00:00.000,2021-01-01T00:00:00.000,,all_channels,0,0
PROMO-0040-0261,Year-End Sale 2020,percentage,20.0,2020-11-18T00:00:00.000,2021-01-01T00:00:00.000,,all_channels,0,0
PROMO-0040-0264,Year-End Sale 2020,percentage,20.0,2020-11-18T00:00:00.000,2021-01-01T00:00:00.000,,all_channels,0,0
PROMO-0040-0303,Year-End Sale 2020,percentage,20.0,2020-11-18T00:00:00.000,2021-01-01T00:00:00.000,,all_channels,0,0
PROMO-0040-0383,Year-End Sale 2020,percentage,20.0,2020-11-18T00:00:00.000,2021-01-01T00:00:00.000,,all_channels,0,0
PROMO-0040-0397,Year-End Sale 2020,percentage,20.0,2020-11-18T00:00:00.000,2021-01-01T00:00:00.000,,all_channels,0,0
PROMO-0040-0451,Year-End Sale 2020,percentage,20.0,2020-11-18T00:00:00.000,2021-01-01T00:00:00.000,,all_channels,0,0
PROMO-0040-0474,Year-End Sale 2020,percentage,20.0,2020-11-18T00:00:00.000,2021-01-01T00:00:00.000,,all_channels,0,0
PROMO-0040-0542,Year-End Sale 2020,percentage,20.0,2020-11-18T00:00:00.000,2021-01-01T00:00:00.000,,all_channels,0,0
PROMO-0040-0652,Year-End Sale 2020,percentage,20.0,2020-11-18T00:00:00.000,2021-01-01T00:00:00.000,,all_channels,0,0
PROMO-0040-0818,Year-End Sale 2020,percentage,20.0,2020-11-18T00:00:00.000,2021-01-01T00:00:00.000,,all_channels,0,0
PROMO-0040-0889,Year-End Sale 2020,percentage,20.0,2020-11-18T00:00:00.000,2021-01-01T00:00:00.000,,all_channels,0,0
PROMO-0040-0988,Year-End Sale 2020,percentage,20.0,2020-11-18T00:00:00.000,2021-01-01T00:00:00.000,,all_channels,0,0
PROMO-0041-0094,Spring Sale 2021,percentage,12.0,2021-03-18T00:00:00.000,2021-04-17T00:00:00.000,,online,1,0
PROMO-0041-0116,Spring Sale 2021,percentage,12.0,2021-03-18T00:00:00.000,2021-04-17T00:00:00.000,,online,1,0
PROMO-0041-0189,Spring Sale 2021,percentage,12.0,2021-03-18T00:00:00.000,2021-04-17T00:00:00.000,,online,1,0
PROMO-0041-0205,Spring Sale 2021,percentage,12.0,2021-03-18T00:00:00.000,2021-04-17T00:00:00.000,,online,1,0
PROMO-0041-0259,Spring Sale 2021,percentage,12.0,2021-03-18T00:00:00.000,2021-04-17T00:00:00.000,,online,1,0
PROMO-0041-0288,Spring Sale 2021,percentage,12.0,2021-03-18T00:00:00.000,2021-04-17T00:00:00.000,,online,1,0
PROMO-0041-0317,Spring Sale 2021,percentage,12.0,2021-03-18T00:00:00.000,2021-04-17T00:00:00.000,,online,1,0
PROMO-0041-0364,Spring Sale 2021,percentage,12.0,2021-03-18T00:00:00.000,2021-04-17T00:00:00.000,,online,1,0
PROMO-0041-0563,Spring Sale 2021,percentage,12.0,2021-03-18T00:00:00.000,2021-04-17T00:00:00.000,,online,1,0
PROMO-0041-0597,Spring Sale 2021,percentage,12.0,2021-03-18T00:00:00.000,2021-04-17T00:00:00.000,,online,1,0
PROMO-0041-0610,Spring Sale 2021,percentage,12.0,2021-03-18T00:00:00.000,2021-04-17T00:00:00.000,,online,1,0
PROMO-0041-0692,Spring Sale 2021,percentage,12.0,2021-03-18T00:00:00.000,2021-04-17T00:00:00.000,,online,1,0
PROMO-0041-0719,Spring Sale 2021,percentage,12.0,2021-03-18T00:00:00.000,2021-04-17T00:00:00.000,,online,1,0
PROMO-0041-0747,Spring Sale 2021,percentage,12.0,2021-03-18T00:00:00.000,2021-04-17T00:00:00.000,,online,1,0
PROMO-0041-0788,Spring Sale 2021,percentage,12.0,2021-03-18T00:00:00.000,2021-04-17T00:00:00.000,,online,1,0
PROMO-0041-0910,Spring Sale 2021,percentage,12.0,2021-03-18T00:00:00.000,2021-04-17T00:00:00.000,,online,1,0
PROMO-0041-0978,Spring Sale 2021,percentage,12.0,2021-03-18T00:00:00.000,2021-04-17T00:00:00.000,,online,1,0
PROMO-0041-0993,Spring Sale 2021,percentage,12.0,2021-03-18T00:00:00.000,2021-04-17T00:00:00.000,,online,1,0
PROMO-0042-0032,Mid-Year Sale 2021,percentage,18.0,2021-06-23T00:00:00.000,2021-07-22T00:00:00.000,,social_media,1,0
PROMO-0042-0068,Mid-Year Sale 2021,percentage,18.0,2021-06-23T00:00:00.000,2021-07-22T00:00:00.000,,social_media,1,0
PROMO-0042-0114,Mid-Year Sale 2021,percentage,18.0,2021-06-23T00:00:00.000,2021-07-22T00:00:00.000,,social_media,1,0
PROMO-0042-0150,Mid-Year Sale 2021,percentage,18.0,2021-06-23T00:00:00.000,2021-07-22T00:00:00.000,,social_media,1,0
PROMO-0042-0172,Mid-Year Sale 2021,percentage,18.0,2021-06-23T00:00:00.000,2021-07-22T00:00:00.000,,social_media,1,0
PROMO-0042-0198,Mid-Year Sale 2021,percentage,18.0,2021-06-23T00:00:00.000,2021-07-22T00:00:00.000,,social_media,1,0
PROMO-0042-0273,Mid-Year Sale 2021,percentage,18.0,2021-06-23T00:00:00.000,2021-07-22T00:00:00.000,,social_media,1,0
PROMO-0042-0380,Mid-Year Sale 2021,percentage,18.0,2021-06-23T00:00:00.000,2021-07-22T00:00:00.000,,social_media,1,0
PROMO-0042-0393,Mid-Year Sale 2021,percentage,18.0,2021-06-23T00:00:00.000,2021-07-22T00:00:00.000,,social_media,1,0
PROMO-0042-0404,Mid-Year Sale 2021,percentage,18.0,2021-06-23T00:00:00.000,2021-07-22T00:00:00.000,,social_media,1,0
PROMO-0042-0433,Mid-Year Sale 2021,percentage,18.0,2021-06-23T00:00:00.000,2021-07-22T00:00:00.000,,social_media,1,0
PROMO-0042-0455,Mid-Year Sale 2021,percentage,18.0,2021-06-23T00:00:00.000,2021-07-22T00:00:00.000,,social_media,1,0
PROMO-0042-0631,Mid-Year Sale 2021,percentage,18.0,2021-06-23T00:00:00.000,2021-07-22T00:00:00.000,,social_media,1,0
PROMO-0042-0653,Mid-Year Sale 2021,percentage,18.0,2021-06-23T00:00:00.000,2021-07-22T00:00:00.000,,social_media,1,0
PROMO-0042-0861,Mid-Year Sale 2021,percentage,18.0,2021-06-23T00:00:00.000,2021-07-22T00:00:00.000,,social_media,1,0
PROMO-0042-0904,Mid-Year Sale 2021,percentage,18.0,2021-06-23T00:00:00.000,2021-07-22T00:00:00.000,,social_media,1,0
PROMO-0042-0992,Mid-Year Sale 2021,percentage,18.0,2021-06-23T00:00:00.000,2021-07-22T00:00:00.000,,social_media,1,0
PROMO-0043-0004,Fall Launch 2021,percentage,10.0,2021-08-30T00:00:00.000,2021-10-02T00:00:00.000,,email,0,0
PROMO-0043-0163,Fall Launch 2021,percentage,10.0,2021-08-30T00:00:00.000,2021-10-02T00:00:00.000,,email,0,0
PROMO-0043-0400,Fall Launch 2021,percentage,10.0,2021-08-30T00:00:00.000,2021-10-02T00:00:00.000,,email,0,0
PROMO-0043-0436,Fall Launch 2021,percentage,10.0,2021-08-30T00:00:00.000,2021-10-02T00:00:00.000,,email,0,0
PROMO-0043-0536,Fall Launch 2021,percentage,10.0,2021-08-30T00:00:00.000,2021-10-02T00:00:00.000,,email,0,0
PROMO-0043-0544,Fall Launch 2021,percentage,10.0,2021-08-30T00:00:00.000,2021-10-02T00:00:00.000,,email,0,0
PROMO-0043-0639,Fall Launch 2021,percentage,10.0,2021-08-30T00:00:00.000,2021-10-02T00:00:00.000,,email,0,0
PROMO-0043-0877,Fall Launch 2021,percentage,10.0,2021-08-30T00:00:00.000,2021-10-02T00:00:00.000,,email,0,0
PROMO-0043-0878,Fall Launch 2021,percentage,10.0,2021-08-30T00:00:00.000,2021-10-02T00:00:00.000,,email,0,0
PROMO-0043-0926,Fall Launch 2021,percentage,10.0,2021-08-30T00:00:00.000,2021-10-02T00:00:00.000,,email,0,0
PROMO-0043-0953,Fall Launch 2021,percentage,10.0,2021-08-30T00:00:00.000,2021-10-02T00:00:00.000,,email,0,0
PROMO-0044-0020,Year-End Sale 2021,percentage,20.0,2021-11-18T00:00:00.000,2022-01-02T00:00:00.000,,all_channels,1,0
PROMO-0044-0028,Year-End Sale 2021,percentage,20.0,2021-11-18T00:00:00.000,2022-01-02T00:00:00.000,,all_channels,1,0
PROMO-0044-0037,Year-End Sale 2021,percentage,20.0,2021-11-18T00:00:00.000,2022-01-02T00:00:00.000,,all_channels,1,0
PROMO-0044-0056,Year-End Sale 2021,percentage,20.0,2021-11-18T00:00:00.000,2022-01-02T00:00:00.000,,all_channels,1,0
PROMO-0044-0073,Year-End Sale 2021,percentage,20.0,2021-11-18T00:00:00.000,2022-01-02T00:00:00.000,,all_channels,1,0
PROMO-0044-0104,Year-End Sale 2021,percentage,20.0,2021-11-18T00:00:00.000,2022-01-02T00:00:00.000,,all_channels,1,0
PROMO-0044-0129,Year-End Sale 2021,percentage,20.0,2021-11-18T00:00:00.000,2022-01-02T00:00:00.000,,all_channels,1,0
PROMO-0044-0177,Year-End Sale 2021,percentage,20.0,2021-11-18T00:00:00.000,2022-01-02T00:00:00.000,,all_channels,1,0
PROMO-0044-0178,Year-End Sale 2021,percentage,20.0,2021-11-18T00:00:00.000,2022-01-02T00:00:00.000,,all_channels,1,0
PROMO-0044-0199,Year-End Sale 2021,percentage,20.0,2021-11-18T00:00:00.000,2022-01-02T00:00:00.000,,all_channels,1,0
PROMO-0044-0227,Year-End Sale 2021,percentage,20.0,2021-11-18T00:00:00.000,2022-01-02T00:00:00.000,,all_channels,1,0
PROMO-0044-0357,Year-End Sale 2021,percentage,20.0,2021-11-18T00:00:00.000,2022-01-02T00:00:00.000,,all_channels,1,0
PROMO-0044-0440,Year-End Sale 2021,percentage,20.0,2021-11-18T00:00:00.000,2022-01-02T00:00:00.000,,all_channels,1,0
PROMO-0044-0441,Year-End Sale 2021,percentage,20.0,2021-11-18T00:00:00.000,2022-01-02T00:00:00.000,,all_channels,1,0
PROMO-0044-0545,Year-End Sale 2021,percentage,20.0,2021-11-18T00:00:00.000,2022-01-02T00:00:00.000,,all_channels,1,0
PROMO-0044-0646,Year-End Sale 2021,percentage,20.0,2021-11-18T00:00:00.000,2022-01-02T00:00:00.000,,all_channels,1,0
PROMO-0044-0677,Year-End Sale 2021,percentage,20.0,2021-11-18T00:00:00.000,2022-01-02T00:00:00.000,,all_channels,1,0
PROMO-0044-0703,Year-End Sale 2021,percentage,20.0,2021-11-18T00:00:00.000,2022-01-02T00:00:00.000,,all_channels,1,0
PROMO-0044-0831,Year-End Sale 2021,percentage,20.0,2021-11-18T00:00:00.000,2022-01-02T00:00:00.000,,all_channels,1,0
PROMO-0044-0969,Year-End Sale 2021,percentage,20.0,2021-11-18T00:00:00.000,2022-01-02T00:00:00.000,,all_channels,1,0
PROMO-0044-0990,Year-End Sale 2021,percentage,20.0,2021-11-18T00:00:00.000,2022-01-02T00:00:00.000,,all_channels,1,0
PROMO-0045-0087,Urban Blowout 2021,fixed,50.0,2021-07-30T00:00:00.000,2021-09-02T00:00:00.000,Streetwear,online,0,200000
PROMO-0045-0093,Urban Blowout 2021,fixed,50.0,2021-07-30T00:00:00.000,2021-09-02T00:00:00.000,Streetwear,online,0,200000
PROMO-0045-0097,Urban Blowout 2021,fixed,50.0,2021-07-30T00:00:00.000,2021-09-02T00:00:00.000,Streetwear,online,0,200000
PROMO-0045-0161,Urban Blowout 2021,fixed,50.0,2021-07-30T00:00:00.000,2021-09-02T00:00:00.000,Streetwear,online,0,200000
PROMO-0045-0173,Urban Blowout 2021,fixed,50.0,2021-07-30T00:00:00.000,2021-09-02T00:00:00.000,Streetwear,online,0,200000
PROMO-0045-0339,Urban Blowout 2021,fixed,50.0,2021-07-30T00:00:00.000,2021-09-02T00:00:00.000,Streetwear,online,0,200000
PROMO-0045-0413,Urban Blowout 2021,fixed,50.0,2021-07-30T00:00:00.000,2021-09-02T00:00:00.000,Streetwear,online,0,200000
PROMO-0045-0446,Urban Blowout 2021,fixed,50.0,2021-07-30T00:00:00.000,2021-09-02T00:00:00.000,Streetwear,online,0,200000
PROMO-0045-0475,Urban Blowout 2021,fixed,50.0,2021-07-30T00:00:00.000,2021-09-02T00:00:00.000,Streetwear,online,0,200000
PROMO-0045-0519,Urban Blowout 2021,fixed,50.0,2021-07-30T00:00:00.000,2021-09-02T00:00:00.000,Streetwear,online,0,200000
PROMO-0045-0567,Urban Blowout 2021,fixed,50.0,2021-07-30T00:00:00.000,2021-09-02T00:00:00.000,Streetwear,online,0,200000
PROMO-0045-0630,Urban Blowout 2021,fixed,50.0,2021-07-30T00:00:00.000,2021-09-02T00:00:00.000,Streetwear,online,0,200000
PROMO-0045-0665,Urban Blowout 2021,fixed,50.0,2021-07-30T00:00:00.000,2021-09-02T00:00:00.000,Streetwear,online,0,200000
PROMO-0045-0671,Urban Blowout 2021,fixed,50.0,2021-07-30T00:00:00.000,2021-09-02T00:00:00.000,Streetwear,online,0,200000
PROMO-0045-0685,Urban Blowout 2021,fixed,50.0,2021-07-30T00:00:00.000,2021-09-02T00:00:00.000,Streetwear,online,0,200000
PROMO-0045-0704,Urban Blowout 2021,fixed,50.0,2021-07-30T00:00:00.000,2021-09-02T00:00:00.000,Streetwear,online,0,200000
PROMO-0045-0706,Urban Blowout 2021,fixed,50.0,2021-07-30T00:00:00.000,2021-09-02T00:00:00.000,Streetwear,online,0,200000
PROMO-0045-0770,Urban Blowout 2021,fixed,50.0,2021-07-30T00:00:00.000,2021-09-02T00:00:00.000,Streetwear,online,0,200000
PROMO-0045-0813,Urban Blowout 2021,fixed,50.0,2021-07-30T00:00:00.000,2021-09-02T00:00:00.000,Streetwear,online,0,200000
PROMO-0045-0918,Urban Blowout 2021,fixed,50.0,2021-07-30T00:00:00.000,2021-09-02T00:00:00.000,Streetwear,online,0,200000
PROMO-0045-0945,Urban Blowout 2021,fixed,50.0,2021-07-30T00:00:00.000,2021-09-02T00:00:00.000,Streetwear,online,0,200000
PROMO-0045-0955,Urban Blowout 2021,fixed,50.0,2021-07-30T00:00:00.000,2021-09-02T00:00:00.000,Streetwear,online,0,200000
PROMO-0045-0979,Urban Blowout 2021,fixed,50.0,2021-07-30T00:00:00.000,2021-09-02T00:00:00.000,Streetwear,online,0,200000
PROMO-0045-0998,Urban Blowout 2021,fixed,50.0,2021-07-30T00:00:00.000,2021-09-02T00:00:00.000,Streetwear,online,0,200000
PROMO-0046-0312,Rural Special 2021,percentage,15.0,2021-01-30T00:00:00.000,2021-03-01T00:00:00.000,Outdoor,in_store,0,0
PROMO-0046-0335,Rural Special 2021,percentage,15.0,2021-01-30T00:00:00.000,2021-03-01T00:00:00.000,Outdoor,in_store,0,0
PROMO-0046-0361,Rural Special 2021,percentage,15.0,2021-01-30T00:00:00.000,2021-03-01T00:00:00.000,Outdoor,in_store,0,0
PROMO-0046-0369,Rural Special 2021,percentage,15.0,2021-01-30T00:00:00.000,2021-03-01T00:00:00.000,Outdoor,in_store,0,0
PROMO-0046-0384,Rural Special 2021,percentage,15.0,2021-01-30T00:00:00.000,2021-03-01T00:00:00.000,Outdoor,in_store,0,0
PROMO-0046-0417,Rural Special 2021,percentage,15.0,2021-01-30T00:00:00.000,2021-03-01T00:00:00.000,Outdoor,in_store,0,0
PROMO-0046-0495,Rural Special 2021,percentage,15.0,2021-01-30T00:00:00.000,2021-03-01T00:00:00.000,Outdoor,in_store,0,0
PROMO-0046-0550,Rural Special 2021,percentage,15.0,2021-01-30T00:00:00.000,2021-03-01T00:00:00.000,Outdoor,in_store,0,0
PROMO-0046-0650,Rural Special 2021,percentage,15.0,2021-01-30T00:00:00.000,2021-03-01T00:00:00.000,Outdoor,in_store,0,0
PROMO-0046-0759,Rural Special 2021,percentage,15.0,2021-01-30T00:00:00.000,2021-03-01T00:00:00.000,Outdoor,in_store,0,0
PROMO-0046-0811,Rural Special 2021,percentage,15.0,2021-01-30T00:00:00.000,2021-03-01T00:00:00.000,Outdoor,in_store,0,0
PROMO-0046-0913,Rural Special 2021,percentage,15.0,2021-01-30T00:00:00.000,2021-03-01T00:00:00.000,Outdoor,in_store,0,0
PROMO-0046-0952,Rural Special 2021,percentage,15.0,2021-01-30T00:00:00.000,2021-03-01T00:00:00.000,Outdoor,in_store,0,0
PROMO-0047-0036,Spring Sale 2022,percentage,12.0,2022-03-18T00:00:00.000,2022-04-17T00:00:00.000,,all_channels,1,0
PROMO-0047-0054,Spring Sale 2022,percentage,12.0,2022-03-18T00:00:00.000,2022-04-17T00:00:00.000,,all_channels,1,0
PROMO-0047-0058,Spring Sale 2022,percentage,12.0,2022-03-18T00:00:00.000,2022-04-17T00:00:00.000,,all_channels,1,0
PROMO-0047-0089,Spring Sale 2022,percentage,12.0,2022-03-18T00:00:00.000,2022-04-17T00:00:00.000,,all_channels,1,0
PROMO-0047-0137,Spring Sale 2022,percentage,12.0,2022-03-18T00:00:00.000,2022-04-17T00:00:00.000,,all_channels,1,0
PROMO-0047-0348,Spring Sale 2022,percentage,12.0,2022-03-18T00:00:00.000,2022-04-17T00:00:00.000,,all_channels,1,0
PROMO-0047-0388,Spring Sale 2022,percentage,12.0,2022-03-18T00:00:00.000,2022-04-17T00:00:00.000,,all_channels,1,0
PROMO-0047-0449,Spring Sale 2022,percentage,12.0,2022-03-18T00:00:00.000,2022-04-17T00:00:00.000,,all_channels,1,0
PROMO-0047-0469,Spring Sale 2022,percentage,12.0,2022-03-18T00:00:00.000,2022-04-17T00:00:00.000,,all_channels,1,0
PROMO-0047-0492,Spring Sale 2022,percentage,12.0,2022-03-18T00:00:00.000,2022-04-17T00:00:00.000,,all_channels,1,0
PROMO-0047-0619,Spring Sale 2022,percentage,12.0,2022-03-18T00:00:00.000,2022-04-17T00:00:00.000,,all_channels,1,0
PROMO-0047-0642,Spring Sale 2022,percentage,12.0,2022-03-18T00:00:00.000,2022-04-17T00:00:00.000,,all_channels,1,0
PROMO-0047-0707,Spring Sale 2022,percentage,12.0,2022-03-18T00:00:00.000,2022-04-17T00:00:00.000,,all_channels,1,0
PROMO-0047-0718,Spring Sale 2022,percentage,12.0,2022-03-18T00:00:00.000,2022-04-17T00:00:00.000,,all_channels,1,0
PROMO-0047-0764,Spring Sale 2022,percentage,12.0,2022-03-18T00:00:00.000,2022-04-17T00:00:00.000,,all_channels,1,0
PROMO-0047-0776,Spring Sale 2022,percentage,12.0,2022-03-18T00:00:00.000,2022-04-17T00:00:00.000,,all_channels,1,0
PROMO-0047-0837,Spring Sale 2022,percentage,12.0,2022-03-18T00:00:00.000,2022-04-17T00:00:00.000,,all_channels,1,0
PROMO-0047-0881,Spring Sale 2022,percentage,12.0,2022-03-18T00:00:00.000,2022-04-17T00:00:00.000,,all_channels,1,0
PROMO-0047-0922,Spring Sale 2022,percentage,12.0,2022-03-18T00:00:00.000,2022-04-17T00:00:00.000,,all_channels,1,0
PROMO-0047-0924,Spring Sale 2022,percentage,12.0,2022-03-18T00:00:00.000,2022-04-17T00:00:00.000,,all_channels,1,0
PROMO-0047-0936,Spring Sale 2022,percentage,12.0,2022-03-18T00:00:00.000,2022-04-17T00:00:00.000,,all_channels,1,0
PROMO-0047-0950,Spring Sale 2022,percentage,12.0,2022-03-18T00:00:00.000,2022-04-17T00:00:00.000,,all_channels,1,0
PROMO-0047-0954,Spring Sale 2022,percentage,12.0,2022-03-18T00:00:00.000,2022-04-17T00:00:00.000,,all_channels,1,0
PROMO-0047-0981,Spring Sale 2022,percentage,12.0,2022-03-18T00:00:00.000,2022-04-17T00:00:00.000,,all_channels,1,0
PROMO-0047-0983,Spring Sale 2022,percentage,12.0,2022-03-18T00:00:00.000,2022-04-17T00:00:00.000,,all_channels,1,0
PROMO-0047-0986,Spring Sale 2022,percentage,12.0,2022-03-18T00:00:00.000,2022-04-17T00:00:00.000,,all_channels,1,0
PROMO-0048-0079,Mid-Year Sale 2022,percentage,18.0,2022-06-23T00:00:00.000,2022-07-22T00:00:00.000,,online,0,0
PROMO-0048-0124,Mid-Year Sale 2022,percentage,18.0,2022-06-23T00:00:00.000,2022-07-22T00:00:00.000,,online,0,0
PROMO-0048-0242,Mid-Year Sale 2022,percentage,18.0,2022-06-23T00:00:00.000,2022-07-22T00:00:00.000,,online,0,0
PROMO-0048-0278,Mid-Year Sale 2022,percentage,18.0,2022-06-23T00:00:00.000,2022-07-22T00:00:00.000,,online,0,0
PROMO-0048-0282,Mid-Year Sale 2022,percentage,18.0,2022-06-23T00:00:00.000,2022-07-22T00:00:00.000,,online,0,0
PROMO-0048-0291,Mid-Year Sale 2022,percentage,18.0,2022-06-23T00:00:00.000,2022-07-22T00:00:00.000,,online,0,0
PROMO-0048-0306,Mid-Year Sale 2022,percentage,18.0,2022-06-23T00:00:00.000,2022-07-22T00:00:00.000,,online,0,0
PROMO-0048-0324,Mid-Year Sale 2022,percentage,18.0,2022-06-23T00:00:00.000,2022-07-22T00:00:00.000,,online,0,0
PROMO-0048-0331,Mid-Year Sale 2022,percentage,18.0,2022-06-23T00:00:00.000,2022-07-22T00:00:00.000,,online,0,0
PROMO-0048-0351,Mid-Year Sale 2022,percentage,18.0,2022-06-23T00:00:00.000,2022-07-22T00:00:00.000,,online,0,0
PROMO-0048-0401,Mid-Year Sale 2022,percentage,18.0,2022-06-23T00:00:00.000,2022-07-22T00:00:00.000,,online,0,0
PROMO-0048-0472,Mid-Year Sale 2022,percentage,18.0,2022-06-23T00:00:00.000,2022-07-22T00:00:00.000,,online,0,0
PROMO-0048-0501,Mid-Year Sale 2022,percentage,18.0,2022-06-23T00:00:00.000,2022-07-22T00:00:00.000,,online,0,0
PROMO-0048-0581,Mid-Year Sale 2022,percentage,18.0,2022-06-23T00:00:00.000,2022-07-22T00:00:00.000,,online,0,0
PROMO-0048-0602,Mid-Year Sale 2022,percentage,18.0,2022-06-23T00:00:00.000,2022-07-22T00:00:00.000,,online,0,0
PROMO-0048-0664,Mid-Year Sale 2022,percentage,18.0,2022-06-23T00:00:00.000,2022-07-22T00:00:00.000,,online,0,0
PROMO-0048-0756,Mid-Year Sale 2022,percentage,18.0,2022-06-23T00:00:00.000,2022-07-22T00:00:00.000,,online,0,0
PROMO-0048-0792,Mid-Year Sale 2022,percentage,18.0,2022-06-23T00:00:00.000,2022-07-22T00:00:00.000,,online,0,0
PROMO-0048-0836,Mid-Year Sale 2022,percentage,18.0,2022-06-23T00:00:00.000,2022-07-22T00:00:00.000,,online,0,0
PROMO-0048-0879,Mid-Year Sale 2022,percentage,18.0,2022-06-23T00:00:00.000,2022-07-22T00:00:00.000,,online,0,0
PROMO-0048-0927,Mid-Year Sale 2022,percentage,18.0,2022-06-23T00:00:00.000,2022-07-22T00:00:00.000,,online,0,0
PROMO-0049-0030,Fall Launch 2022,percentage,10.0,2022-08-31T00:00:00.000,2022-10-01T00:00:00.000,,all_channels,0,0
PROMO-0049-0154,Fall Launch 2022,percentage,10.0,2022-08-31T00:00:00.000,2022-10-01T00:00:00.000,,all_channels,0,0
PROMO-0049-0206,Fall Launch 2022,percentage,10.0,2022-08-31T00:00:00.000,2022-10-01T00:00:00.000,,all_channels,0,0
PROMO-0049-0207,Fall Launch 2022,percentage,10.0,2022-08-31T00:00:00.000,2022-10-01T00:00:00.000,,all_channels,0,0
PROMO-0049-0212,Fall Launch 2022,percentage,10.0,2022-08-31T00:00:00.000,2022-10-01T00:00:00.000,,all_channels,0,0
PROMO-0049-0214,Fall Launch 2022,percentage,10.0,2022-08-31T00:00:00.000,2022-10-01T00:00:00.000,,all_channels,0,0
PROMO-0049-0216,Fall Launch 2022,percentage,10.0,2022-08-31T00:00:00.000,2022-10-01T00:00:00.000,,all_channels,0,0
PROMO-0049-0279,Fall Launch 2022,percentage,10.0,2022-08-31T00:00:00.000,2022-10-01T00:00:00.000,,all_channels,0,0
PROMO-0049-0299,Fall Launch 2022,percentage,10.0,2022-08-31T00:00:00.000,2022-10-01T00:00:00.000,,all_channels,0,0
PROMO-0049-0355,Fall Launch 2022,percentage,10.0,2022-08-31T00:00:00.000,2022-10-01T00:00:00.000,,all_channels,0,0
PROMO-0049-0368,Fall Launch 2022,percentage,10.0,2022-08-31T00:00:00.000,2022-10-01T00:00:00.000,,all_channels,0,0
PROMO-0049-0432,Fall Launch 2022,percentage,10.0,2022-08-31T00:00:00.000,2022-10-01T00:00:00.000,,all_channels,0,0
PROMO-0049-0493,Fall Launch 2022,percentage,10.0,2022-08-31T00:00:00.000,2022-10-01T00:00:00.000,,all_channels,0,0
PROMO-0049-0525,Fall Launch 2022,percentage,10.0,2022-08-31T00:00:00.000,2022-10-01T00:00:00.000,,all_channels,0,0
PROMO-0049-0579,Fall Launch 2022,percentage,10.0,2022-08-31T00:00:00.000,2022-10-01T00:00:00.000,,all_channels,0,0
PROMO-0049-0584,Fall Launch 2022,percentage,10.0,2022-08-31T00:00:00.000,2022-10-01T00:00:00.000,,all_channels,0,0
PROMO-0049-0592,Fall Launch 2022,percentage,10.0,2022-08-31T00:00:00.000,2022-10-01T00:00:00.000,,all_channels,0,0
PROMO-0049-0600,Fall Launch 2022,percentage,10.0,2022-08-31T00:00:00.000,2022-10-01T00:00:00.000,,all_channels,0,0
PROMO-0049-0607,Fall Launch 2022,percentage,10.0,2022-08-31T00:00:00.000,2022-10-01T00:00:00.000,,all_channels,0,0
PROMO-0049-0698,Fall Launch 2022,percentage,10.0,2022-08-31T00:00:00.000,2022-10-01T00:00:00.000,,all_channels,0,0
PROMO-0049-0720,Fall Launch 2022,percentage,10.0,2022-08-31T00:00:00.000,2022-10-01T00:00:00.000,,all_channels,0,0
PROMO-0049-0777,Fall Launch 2022,percentage,10.0,2022-08-31T00:00:00.000,2022-10-01T00:00:00.000,,all_channels,0,0
PROMO-0049-0784,Fall Launch 2022,percentage,10.0,2022-08-31T00:00:00.000,2022-10-01T00:00:00.000,,all_channels,0,0
PROMO-0049-0817,Fall Launch 2022,percentage,10.0,2022-08-31T00:00:00.000,2022-10-01T00:00:00.000,,all_channels,0,0
PROMO-0049-0915,Fall Launch 2022,percentage,10.0,2022-08-31T00:00:00.000,2022-10-01T00:00:00.000,,all_channels,0,0
PROMO-0049-0933,Fall Launch 2022,percentage,10.0,2022-08-31T00:00:00.000,2022-10-01T00:00:00.000,,all_channels,0,0
PROMO-0049-0989,Fall Launch 2022,percentage,10.0,2022-08-31T00:00:00.000,2022-10-01T00:00:00.000,,all_channels,0,0
PROMO-0050-0048,Year-End Sale 2022,percentage,20.0,2022-11-18T00:00:00.000,2022-12-31T00:00:00.000,,all_channels,0,50000
PROMO-0050-0063,Year-End Sale 2022,percentage,20.0,2022-11-18T00:00:00.000,2022-12-31T00:00:00.000,,all_channels,0,50000
PROMO-0050-0269,Year-End Sale 2022,percentage,20.0,2022-11-18T00:00:00.000,2022-12-31T00:00:00.000,,all_channels,0,50000
PROMO-0050-0386,Year-End Sale 2022,percentage,20.0,2022-11-18T00:00:00.000,2022-12-31T00:00:00.000,,all_channels,0,50000
PROMO-0050-0407,Year-End Sale 2022,percentage,20.0,2022-11-18T00:00:00.000,2022-12-31T00:00:00.000,,all_channels,0,50000
PROMO-0050-0454,Year-End Sale 2022,percentage,20.0,2022-11-18T00:00:00.000,2022-12-31T00:00:00.000,,all_channels,0,50000
PROMO-0050-0532,Year-End Sale 2022,percentage,20.0,2022-11-18T00:00:00.000,2022-12-31T00:00:00.000,,all_channels,0,50000
PROMO-0050-0552,Year-End Sale 2022,percentage,20.0,2022-11-18T00:00:00.000,2022-12-31T00:00:00.000,,all_channels,0,50000
PROMO-0050-0566,Year-End Sale 2022,percentage,20.0,2022-11-18T00:00:00.000,2022-12-31T00:00:00.000,,all_channels,0,50000
PROMO-0050-0655,Year-End Sale 2022,percentage,20.0,2022-11-18T00:00:00.000,2022-12-31T00:00:00.000,,all_channels,0,50000
PROMO-0050-0687,Year-End Sale 2022,percentage,20.0,2022-11-18T00:00:00.000,2022-12-31T00:00:00.000,,all_channels,0,50000
PROMO-0050-0743,Year-End Sale 2022,percentage,20.0,2022-11-18T00:00:00.000,2022-12-31T00:00:00.000,,all_channels,0,50000
PROMO-0050-0769,Year-End Sale 2022,percentage,20.0,2022-11-18T00:00:00.000,2022-12-31T00:00:00.000,,all_channels,0,50000
PROMO-0050-0828,Year-End Sale 2022,percentage,20.0,2022-11-18T00:00:00.000,2022-12-31T00:00:00.000,,all_channels,0,50000
PROMO-0050-0849,Year-End Sale 2022,percentage,20.0,2022-11-18T00:00:00.000,2022-12-31T00:00:00.000,,all_channels,0,50000
PROMO-0050-0898,Year-End Sale 2022,percentage,20.0,2022-11-18T00:00:00.000,2022-12-31T00:00:00.000,,all_channels,0,50000
